Submission Title,Submission Score,Submission URL,Submission Timestamp,Comment,Comment Score,Comment Timestamp,keywords_matched
Where can I volunteer for the day on Thanksgiving?,17,https://www.reddit.com/r/Scranton/comments/qanhji/where_can_i_volunteer_for_the_day_on_thanksgiving/,2021-10-18 14:12:15 UTC,The St Fancies soup kitchen is always looking for volunteers its downtown.,14,2021-10-18 15:26:46 UTC,soup kitchen
Unsheltered Homeless Population Increasing,47,https://www.reddit.com/r/Scranton/comments/1h58unz/unsheltered_homeless_population_increasing/,2024-12-02 23:14:30 UTC,There are many many more than 49 homeless people in Lackawanna county. There is more than that in just Scranton alone,10,2024-12-03 00:41:46 UTC,homeless
Unsheltered Homeless Population Increasing,47,https://www.reddit.com/r/Scranton/comments/1h58unz/unsheltered_homeless_population_increasing/,2024-12-02 23:14:30 UTC,"The housing crisis absolutely has a lot to do with it. 10 years ago, you could get a 1br apartment for $500 a month, and that's at least doubled now, while wages have stayed relatively the same. Not everyone has family or friends they can rely on, especially if they're also suffering from mental illness or substance abuse they can't afford to treat either.",6,2024-12-03 11:22:25 UTC,housing crisis
Unsheltered Homeless Population Increasing,47,https://www.reddit.com/r/Scranton/comments/1h58unz/unsheltered_homeless_population_increasing/,2024-12-02 23:14:30 UTC,"IMO, the numbers are going to go up.  33% increase in property taxes is going to cause this number to rise.  Landlords are going to pass that on to their tenants or people wonâ€™t be able to afford that increase themselves.  Either scenario will lead to higher numbers of homelessness",4,2024-12-03 00:57:03 UTC,"homeless, homelessness"
Unsheltered Homeless Population Increasing,47,https://www.reddit.com/r/Scranton/comments/1h58unz/unsheltered_homeless_population_increasing/,2024-12-02 23:14:30 UTC,"If youâ€™ve ever been homeless, shelters are like, THE last resort. You donâ€™t want to be there unless your life depends on you being there. They are dirty, crowded, underfunded, and have strict rules about when you can stay and when you have to leave. A lot of homeless people will only use them if they are sick or if the temperature is dangerous.",5,2024-12-03 05:45:11 UTC,homeless
Unsheltered Homeless Population Increasing,47,https://www.reddit.com/r/Scranton/comments/1h58unz/unsheltered_homeless_population_increasing/,2024-12-02 23:14:30 UTC,"For anyone who's interested in where the numbers came from, every January, communities across the U.S. participate in the Point-in-Time (PIT) Count, a HUD-mandated effort to measure homelessness on a single night. It provides the basis for funding for local organizations working to end homelessness. In Lackawanna County, the next count will take place on January 30, 2025.

It misses many individuals due to safety concerns, weather, and limited outreach and more. It also only captures those homeless on a single nightâ€”not everyone who experiences homelessness over the year. There may be fewer homeless individuals on a cold night in January because they find money to buy a hotel or stay with a friend when that is not a long-term solution.

The National Law Center on Homelessness and Policy has a 2017 Report that lays out all the flaws but even still it should be able to show trends since the methods don't change year to year. [https://homelesslaw.org/.../2018/10/HUD-PIT-report2017.pdf](https://homelesslaw.org/wp-content/uploads/2018/10/HUD-PIT-report2017.pdf?fbclid=IwZXh0bgNhZW0CMTAAAR22PHWyKeFkJPSVOEh4fOJ5h7kzmow1q8a7RtUjG4acPnEnFvPl13Mp9Ng_aem_13k0WKCOjwu9ezRiT94Xhg)",8,2024-12-03 00:00:03 UTC,"homeless, homelessness"
Unsheltered Homeless Population Increasing,47,https://www.reddit.com/r/Scranton/comments/1h58unz/unsheltered_homeless_population_increasing/,2024-12-02 23:14:30 UTC,I commented and said the homeless population was increasing and I got downvoted :/,5,2024-12-03 03:58:40 UTC,homeless
Unsheltered Homeless Population Increasing,47,https://www.reddit.com/r/Scranton/comments/1h58unz/unsheltered_homeless_population_increasing/,2024-12-02 23:14:30 UTC,"Iâ€™m guessing a shift in methodology is a factor, along with potentially differences in guidelines around what constitutes sheltered homelessness.

I know that counting homelessness is not easy- a social worker is responsible for reporting these numbers to the government. I wouldnâ€™t be surprised if unsheltered was originally under reported in 2020.",2,2024-12-03 03:27:01 UTC,"homeless, homelessness"
Unsheltered Homeless Population Increasing,47,https://www.reddit.com/r/Scranton/comments/1h58unz/unsheltered_homeless_population_increasing/,2024-12-02 23:14:30 UTC,Saw a homeless person sleeping at the bus stop at the main intersection of mulberry by the gas station. Come back and hour later and they were gone. It was freezing out. Figure the police picked them up and brought them somewhere else. Iâ€™ve heard the hospitals the wilkesbarre with just drop you off on the side of the road,2,2024-12-03 05:38:31 UTC,homeless
Unsheltered Homeless Population Increasing,47,https://www.reddit.com/r/Scranton/comments/1h58unz/unsheltered_homeless_population_increasing/,2024-12-02 23:14:30 UTC,FYI: people coming homeless due to covid-19 and cost of living and I used to be homeless in Scranton Pennsylvania and I live in California now come to California we got a lot more you want them,2,2024-12-03 02:35:53 UTC,homeless
Unsheltered Homeless Population Increasing,47,https://www.reddit.com/r/Scranton/comments/1h58unz/unsheltered_homeless_population_increasing/,2024-12-02 23:14:30 UTC,"I can tell you that these numbers are completely false. In 2022, I was, on average feeding about 20 people when I drove around the city at night and I would see 1-2 new people every month. tast forward to today and my group feeds about 40 people sometimes upwards of 50 people per night that we deliver meals. Where we were seeing 1-2new people every umonth, we are now seeing 1-2 new people every week and sometimes every few days. These are only counting the people that we serve and not the ones that just want to be left alone. If in 2023, the amount of homeless children in scranton was 248, then the adult numbers would be double if not more.",1,2025-03-05 04:36:21 UTC,homeless
Unsheltered Homeless Population Increasing,47,https://www.reddit.com/r/Scranton/comments/1h58unz/unsheltered_homeless_population_increasing/,2024-12-02 23:14:30 UTC,"I think the word got out for them to migrate here. Our weather certainly isn't great, but there is a ""loop"" of support (soup kitchen, some social services near Olive St and Wyoming Ave, etc). Combined with an incompetent mayor who is barely addressing it, we have quite the issue now! Many factors at play, but idiot liberal mayors with destructive policies tend to attract crime and homeless to their liberal hellscape cities. Myself and others I know won't even walk the trail, they have ruined it. Drive into downtown on the ""Biden"" Expressway and there is a tent on a small green space and the great irony is the holier than though University of Scranton's sign is right behind it! Not a good look. Tents are popping up at Sweeney Beach, near Nay Aug, and in that crappy area near Redners. More discouragement NOT support is needed- jail, mental institutions, having them move on to CA because they seem cool with it there.",-5,2024-12-03 05:20:04 UTC,"homeless, soup kitchen"
Unsheltered Homeless Population Increasing,47,https://www.reddit.com/r/Scranton/comments/1h58unz/unsheltered_homeless_population_increasing/,2024-12-02 23:14:30 UTC,">And now theyâ€™re highly addicted and refuse to go to shelters because you canâ€™t do drugs there.

Which is such an ass backwards way of dealing with homelessness and addiction.",5,2024-12-03 11:04:30 UTC,"homeless, homelessness"
Unsheltered Homeless Population Increasing,47,https://www.reddit.com/r/Scranton/comments/1h58unz/unsheltered_homeless_population_increasing/,2024-12-02 23:14:30 UTC,"I was about to say the same thing. Lackawanna county is pretty dam big. Dickson city, dunmore and throop combined probably has more than 49 homeless people. Itâ€™s sad honestly.",1,2024-12-09 20:31:02 UTC,homeless
Unsheltered Homeless Population Increasing,47,https://www.reddit.com/r/Scranton/comments/1h58unz/unsheltered_homeless_population_increasing/,2024-12-02 23:14:30 UTC,"Honestly, it definitely has way more to do with drugs and mental problems than public housing. I dont think many of the unhoused in this area specifically would take up the government on their offer with strings attached.",3,2024-12-03 07:14:15 UTC,unhoused
Unsheltered Homeless Population Increasing,47,https://www.reddit.com/r/Scranton/comments/1h58unz/unsheltered_homeless_population_increasing/,2024-12-02 23:14:30 UTC,"While I get the motivation behind the rules, I think they actually work to increase addiction and homeless rates. Numerous cities address both issues concurrently which makes total sense to me. How can anyone expect addicts to get clean while living on the streets?",1,2024-12-03 11:09:33 UTC,homeless
Unsheltered Homeless Population Increasing,47,https://www.reddit.com/r/Scranton/comments/1h58unz/unsheltered_homeless_population_increasing/,2024-12-02 23:14:30 UTC,"I just saw in the 2023 unsheltered plan something to support this! In this report they mention the efforts to improve the Point in Time Count in 2024 which might be the reason they counted more unsheltered folks, not an actual increase in unsheltered homelessness. 

[https://www.uncnepa.org/wp-content/uploads/2023/09/2023-SLCoC-Unsheltered-Plan.pdf](https://www.uncnepa.org/wp-content/uploads/2023/09/2023-SLCoC-Unsheltered-Plan.pdf)",1,2024-12-05 16:24:10 UTC,"homeless, homelessness"
Unsheltered Homeless Population Increasing,47,https://www.reddit.com/r/Scranton/comments/1h58unz/unsheltered_homeless_population_increasing/,2024-12-02 23:14:30 UTC,"I posted about the point in time count on fb: https://www.facebook.com/share/p/1VFXtK1KY4/?mibextid=WC7FNe

Every January local orgs count anyone they can who is homeless in one night. Itâ€™s a pretty fundamentally flawed method but it might be useful comparatively year to year.",3,2024-12-07 21:30:42 UTC,homeless
Unsheltered Homeless Population Increasing,47,https://www.reddit.com/r/Scranton/comments/1h58unz/unsheltered_homeless_population_increasing/,2024-12-02 23:14:30 UTC,What would a conservative mayor do? I'm not sure how she's responsible for homeless people. What did she do that was destructive? What policies attracted crime and homeless? Are you scared of tents? You can't just kidnap homeless people and put them in jail or a mental institution. It's not 1945. You sound like a nut bag.,2,2024-12-03 14:49:30 UTC,homeless
Unsheltered Homeless Population Increasing,47,https://www.reddit.com/r/Scranton/comments/1h58unz/unsheltered_homeless_population_increasing/,2024-12-02 23:14:30 UTC,"The waitlists for Section 8 and Public Housing in Lackawanna, Luzerne and surrounding counties are very long. It's a myth that the homeless don't want to be housed created by people who benefit from shifting the blame to the vulnerable from those with power to do something about the issue.",5,2024-12-03 11:06:32 UTC,homeless
Unsheltered Homeless Population Increasing,47,https://www.reddit.com/r/Scranton/comments/1h58unz/unsheltered_homeless_population_increasing/,2024-12-02 23:14:30 UTC,Lackawanna Counties taxes are causing the nationwide homeless epidemic..got it,4,2024-12-03 20:27:59 UTC,homeless
Unsheltered Homeless Population Increasing,47,https://www.reddit.com/r/Scranton/comments/1h58unz/unsheltered_homeless_population_increasing/,2024-12-02 23:14:30 UTC,"I canâ€™t speak for anything beyond Lackawanna county and this is a Scranton sub. Do you have a source for this? 

Further, I suppose youâ€™re right but it really is a matter of defining who is homeless and what homeless looks like. I imagine many of the people on that list have extended families or charities that are taking the brunt of the burden during that process

I am narrowing my definition of unhoused to strictly â€œpeople living on the streetsâ€. There are and will always be people who are able to get housing but are unable to through no fault of their own. Itâ€™s sad that most of the people on those types of list are at the mercy of others while their application are processed, but again, thatâ€™s a different definition of unhoused.",1,2024-12-04 03:53:33 UTC,"homeless, unhoused"
Unsheltered Homeless Population Increasing,47,https://www.reddit.com/r/Scranton/comments/1h58unz/unsheltered_homeless_population_increasing/,2024-12-02 23:14:30 UTC,Oh Iâ€™m sorry I thought we were talking about the â€œ3 fold increase in Lackawanna county homelessnessâ€. Smooth brains canâ€™t compute bc capitalism bad as I post from my iPhone derp,0,2024-12-03 20:30:39 UTC,"homeless, homelessness"
Unsheltered Homeless Population Increasing,47,https://www.reddit.com/r/Scranton/comments/1h58unz/unsheltered_homeless_population_increasing/,2024-12-02 23:14:30 UTC,"Then you have mayors like George C. Brown in Wilkes-Barre who gleefully order raids on homeless encampments without any concerns as to where these humans will sleep. Last time, many of the homeless ended up at St. Stephen's Episcopal Church over the river from Kirby Park. Do you think the City of Wilkes-Barre assisted the church or the homeless people? If you answered no, you're a smart cookie.",2,2024-12-03 11:11:29 UTC,homeless
Unsheltered Homeless Population Increasing,47,https://www.reddit.com/r/Scranton/comments/1h58unz/unsheltered_homeless_population_increasing/,2024-12-02 23:14:30 UTC,"The waiting list for Section 8 vouchers through Scranton Housing Authority is closed. Lackawanna Housing Authority's Section 8 vouchers list is closed, however the Jessup project list will open 12/9 and close 12/13. Their public housing lists are closed.

Homeless is defined as not having a permanent address. If you are couch surfing, you're homeless. If you are sleeping in a car, you're homeless. If your living situation changes frequently, you are homeless. While families and charities \*may\* be taking the brunt, they are a very thin safety net for homeless people.

You should not narrow your definition to only those living on the streets because it ignores a much larger issue of housing insecurity in this country and our own area. While the people on waiting lists may not be unhoused - in any of the definitions we use - they are still on the list which means the unhoused - no matter the definition - can not be helped.

Edited to fix spelling error 12/6/24",2,2024-12-04 11:37:43 UTC,"homeless, unhoused, housing insecurity"
Unsheltered Homeless Population Increasing,47,https://www.reddit.com/r/Scranton/comments/1h58unz/unsheltered_homeless_population_increasing/,2024-12-02 23:14:30 UTC,What way of life is that???  Scranton is desperately trying to be seen as a city and yet you canâ€™t get your heads out of your asses enough to manage the less than 100 homeless people accounted for.,1,2024-12-03 17:48:27 UTC,homeless
Unsheltered Homeless Population Increasing,47,https://www.reddit.com/r/Scranton/comments/1h58unz/unsheltered_homeless_population_increasing/,2024-12-02 23:14:30 UTC,What does capitalism have to do with a lack of affordable housing in Lackawanna county? See if you can make a correlation between the highest tax burdens in the state and a lack of affordable housing. TRY REALLY HARD,0,2024-12-03 20:39:40 UTC,affordable housing
Unsheltered Homeless Population Increasing,47,https://www.reddit.com/r/Scranton/comments/1h58unz/unsheltered_homeless_population_increasing/,2024-12-02 23:14:30 UTC,"That's the desperate and deplorable city government which currently does not speak for the people. We have an idiotic Oregon mayor who most people can't wait to see go. Myself and others do not want this to be a big city because big cities are inherently dysfunctional and impersonal. Hence why you probably moved here, we get all the people who can't make it in the cities and are looking for handouts here. Very few exceptions to that. A change in leadership is on the horizon. That will take care of a lot of the homeless issues. The gang bangers who keep coming here from NY NJ Philly keep getting locked up and maybe those losers will get the message soon enough. We are way tougher than you think and have a lot of history, culture, and community here and will not give that up easily!",0,2024-12-03 17:58:29 UTC,homeless
Unsheltered Homeless Population Increasing,47,https://www.reddit.com/r/Scranton/comments/1h58unz/unsheltered_homeless_population_increasing/,2024-12-02 23:14:30 UTC,"Okay,  Mr Straw Man Fan. A conservative mayor would address the problem head on. Many areas in the city have become unsafe and unsightly. Our current mayor wasn't allowing the police to take action in getting those areas cleared until it got really out of hand. But the problem is not being addressed because she is in photo op la la land chasing her pet causes and political posturing of the day.  The city's safety and economic growth are not priorities to the current administration. Also, no one is kidnapping homeless people. But most of those people are addicts, mentally ill, criminals,  or a combo of all three. A very small amount may be able to change. A lot of them need to locked up for their own and society's safety, unfortunately. Unless you care to take a bunch in?",0,2024-12-03 22:24:41 UTC,homeless
Scranton Homeless Camps,0,https://www.reddit.com/r/Scranton/comments/13lg0yn/scranton_homeless_camps/,2023-05-19 00:38:51 UTC,"What is this something you want to do? There was a homeless camp in the wooded area in Kirby Park and they were largely harmless and minded their own business. The WB Police Department raided the camp and forced the people to other places in the city, including Public Square.

The only proven solution to ending homelessness is to give displaced people homes, free medical and (if needed) drug counseling, and job training, and treat them like actual people. According to a 2018 UofS study, there were less than 200 homeless people in Lackawanna County (this probably has increased slightly since the pandemic). The county, boroughs, and especially the state government has more than enough money to give these people the proper care they need. 

The short term solution?

Contact and volunteer at local organizations that help homeless people recover. In my experience, even just helping out at a soup kitchen and talking to people, and truly understanding their experiences, can at least make their day.  You're showing that there are people who care about them and want them to get better. 

The long-term solution? 

Contact and seriously lobby local politicians, especially Scranton city council members and the mayor, as well as county commissioners. Call them every day. Show up to every meeting. Push for free, semi-permanent housing and expanded rehab programs. Once politicians see that homelessness is a problem that is 1) easily solvable and 2) a common concern of their constituents, they'll start supporting funding for social programs in the area.",23,2023-05-19 02:27:49 UTC,"homeless, homelessness, soup kitchen"
Scranton Homeless Camps,0,https://www.reddit.com/r/Scranton/comments/13lg0yn/scranton_homeless_camps/,2023-05-19 00:38:51 UTC,"Yeah someone should do something! 

Like build houses ?! Get to work bud Iâ€™ll meet ya somewhere. Donâ€™t want homeless? Build them fucking homes, genius ;)",4,2023-05-19 13:07:29 UTC,homeless
Scranton Homeless Camps,0,https://www.reddit.com/r/Scranton/comments/13lg0yn/scranton_homeless_camps/,2023-05-19 00:38:51 UTC,"If they have animals, they wonâ€™t go to shelters because theyâ€™re not allowed to bring their animals.  You stated that youâ€™re there often.  Have you tried talking to them?  I donâ€™t think Pa. is enticing homeless like West Coast states.  They might be willing to accept real help.",8,2023-05-19 00:44:57 UTC,homeless
Scranton Homeless Camps,0,https://www.reddit.com/r/Scranton/comments/13lg0yn/scranton_homeless_camps/,2023-05-19 00:38:51 UTC,"Maybe try talking to them? Volunteer with an organization that helps the homeless? Jesus. Nuisance?? They're humans, not cockroaches.",4,2023-05-19 10:38:50 UTC,homeless
Scranton Homeless Camps,0,https://www.reddit.com/r/Scranton/comments/13lg0yn/scranton_homeless_camps/,2023-05-19 00:38:51 UTC,"""to make it a place enjoyed by all"" except the homeless....",2,2023-05-20 10:52:49 UTC,homeless
Scranton Homeless Camps,0,https://www.reddit.com/r/Scranton/comments/13lg0yn/scranton_homeless_camps/,2023-05-19 00:38:51 UTC,"I live in Scranton and it's not like I don't feel sorry for the homeless. I do, but it is not sanitary. It's not a campground. There's no bathrooms there's no fresh,Â  waterÂ  and I'm not saying all of them, but a lot of them are on drugs.Â  And there needles and everything else that is left around. It's very dangerous to us and our children and our grandchi. Do not wantna see the woods near the park. I live Near.Â  Man Camp ground.",1,2024-05-14 15:27:20 UTC,homeless
Scranton Homeless Camps,0,https://www.reddit.com/r/Scranton/comments/13lg0yn/scranton_homeless_camps/,2023-05-19 00:38:51 UTC,"Hey OP, I understand and agree.  I brought this up the other day on this sub as I brought my children there and was appalled.  The very next day they found that dead body.

With that said, this sub loves the homeless encampment there.  The majority advised me to take my family someplace else.  That despite it being a recreational area built by my tax dollars, I should go to so place further away.

Im not trying to hate on the homeless, but I agree it's out of hand there.  Dead bodies, trash piles, drug use.  It's only a matter of time unless it's mugging and murder.",-1,2023-05-19 11:48:18 UTC,homeless
Scranton Homeless Camps,0,https://www.reddit.com/r/Scranton/comments/13lg0yn/scranton_homeless_camps/,2023-05-19 00:38:51 UTC,"I agree, these areas have had homeless and much earlier then the 90's but not like it has today.",2,2023-05-19 04:25:16 UTC,homeless
Scranton Homeless Camps,0,https://www.reddit.com/r/Scranton/comments/13lg0yn/scranton_homeless_camps/,2023-05-19 00:38:51 UTC,"The Heritage Trail has been in this ""improved"" state for a decade yet older and more feeble people largely do not consider it a safe place to be. There are some real weirdos who will jump out of the bushes, and it's a major artery for a lot of different lowlifes. I've had these weird encounters even close to the terminus in Taylor (not to mention they found another dead body just past the terminus last month).

Go to Lake Scranton and ask the 30 minute walk crowd why they are driving 2x-3x the distance when they could walk along the river for 45 minutes instead.

I always remember the Chris Kelly article from before Covid. He tried to play the ""nice to the guys living in the woods"" card and it was heartwarming. Then it came out that multiple guys in the homeless camp who he interviewed were deemed violent sexual predators and had warrants for their arrests.

It's been researched and proven that *tents spawn more tents*. I don't think Scranton has a rampant homeless problem. But the easiest solution would be to provide one-way bus tickets to warmer, more accommodating places. Sure, some of the people using services for the poor might be down on their luck temporarily, but I don't think there is any hypothetical situation in which the river people could reintegrate with society.",-3,2023-05-19 03:01:47 UTC,homeless
Scranton Homeless Camps,0,https://www.reddit.com/r/Scranton/comments/13lg0yn/scranton_homeless_camps/,2023-05-19 00:38:51 UTC,"Uhh, swaths of locals don't use the Heritage Trail because they are scared of the homeless.

Scranton Running Co bought the plot of land where the barn used to be, years ago, but hasn't built on it presumably because they are pissed that the pavilion there now accommodates the homeless.

The entire river corridor bounded by Pine Brook to Ash-Street-ish, Wyoming Ave, pretty much to Mulberry Street, is Scranton's version of skid row. It has seen no meaningful investment since the Ice Box / Riverfront (though those are outside the boundary), and even though a lot of people drive through it, it's just all-around awful with more transient people / homeless than regular people.

I walked to elementary school every day starting around second grade. Would you let your second grader walk to John Adams alone??? I would not find it hard to believe that people are bothered.",0,2023-05-19 03:13:02 UTC,homeless
Scranton Homeless Camps,0,https://www.reddit.com/r/Scranton/comments/13lg0yn/scranton_homeless_camps/,2023-05-19 00:38:51 UTC,">One way bus tickets

So they can suffer somewhere you donâ€™t have to see them?

The solution is affordable or subsidized housing. Look at Utahâ€™s success combatting homelessness with Housing First.

Once you have a roof over your head itâ€™s a lot easier to get everything else taken care of",3,2023-05-19 11:40:57 UTC,"homeless, homelessness"
Scranton Homeless Camps,0,https://www.reddit.com/r/Scranton/comments/13lg0yn/scranton_homeless_camps/,2023-05-19 00:38:51 UTC,"Being â€œscared of the homelessâ€ is a thing, and I admit that while I run Olive St on my own all the time I have turned around with my kids when thereâ€™s a big crowd at the pavilion.

**But thatâ€™s a me problem not a them problem.** Iâ€™d hang out in that pavilion, too, if I didnâ€™t have anywhere else to go. 

Unhoused or homeless people are way more likely to be victims of a crime than they are to commit crimes.",9,2023-05-19 11:27:07 UTC,"homeless, unhoused"
Scranton Homeless Camps,0,https://www.reddit.com/r/Scranton/comments/13lg0yn/scranton_homeless_camps/,2023-05-19 00:38:51 UTC,Scranton running not building has nothing to do with the homeless situation.,2,2023-05-20 10:57:14 UTC,homeless
Scranton Homeless Camps,0,https://www.reddit.com/r/Scranton/comments/13lg0yn/scranton_homeless_camps/,2023-05-19 00:38:51 UTC,"Yes, bussing away homeless is the most economically feasible solution. Scranton has finite resources available for them and has a terrible climate. Tents spawn more tents.

Lived in Utah earlier this year, even while I was there they were aggressively cleaning up homeless camps and generally doing whatever they could to prevent being seen as a place that is accommodating to the homeless. They have backbone in Utah and I do appreciate the approaches they take. Tents spawn more tents.",-1,2023-05-19 12:00:22 UTC,homeless
Scranton Homeless Camps,0,https://www.reddit.com/r/Scranton/comments/13lg0yn/scranton_homeless_camps/,2023-05-19 00:38:51 UTC,"No, itâ€™s a â€œthemâ€ problem. Trespassing is a crime, littering is a crime, unauthorized camping is a crime, being a sex offender and â€œlivingâ€ so close to a school is a crime, we could go on and on. People are talking like Scranton is San Francisco where vulnerable working class folks are actually one paycheck away from being â€œhomeless.â€ Scranton is one of the cheapest housing markets in the country; none of these refugees from far-flung countries end up being homeless. The people weâ€™re talking about largely need to be institutionalized, they arenâ€™t down on their luck. There are no young families with children living in tents by the river. This shift in attitude is soooooo weird.",-4,2023-05-19 11:51:17 UTC,homeless
Scranton Homeless Camps,0,https://www.reddit.com/r/Scranton/comments/13lg0yn/scranton_homeless_camps/,2023-05-19 00:38:51 UTC,"That's not a solution, though; it doesn't solve the problem. It just dumps it on another city.

I mean, how would you feel if New York City just started dumping off hundreds of homeless people a day at the Greyhound station downtown?

It might be cheaper for Scranton, but it hurts the country by disincentivizing actually solving homelessness bc cities aren't going to want to spend money on fixing other cities problems.",5,2023-05-19 12:31:02 UTC,"homeless, homelessness"
Scranton Homeless Camps,0,https://www.reddit.com/r/Scranton/comments/13lg0yn/scranton_homeless_camps/,2023-05-19 00:38:51 UTC,">Trespassing is a crimeâ€¦ unauthorized camping is a crime

â€œThe law, in its majestic equality, forbids both rich and poor alike from sleeping under bridgesâ€

The sex offender problem is sort of tied up in the rest of this. We (rightly) do not want people who prey on children living close to where children congregate- but then we donâ€™t have anywhere else for those people to go. They wind up homeless, no fixed address, and then if they do reoffend itâ€™s harder to find them.

There should be a monitored halfway house for those kinds of offenders- but thatâ€™s a small number of the total unhoused population.

Scranton is affordable, sure, but if you donâ€™t have a job or savings how are you going to afford rent or get a bank loan for a mortgage?",7,2023-05-19 12:10:32 UTC,"homeless, unhoused"
Scranton Homeless Camps,0,https://www.reddit.com/r/Scranton/comments/13lg0yn/scranton_homeless_camps/,2023-05-19 00:38:51 UTC,"You are placing homeless people on a pedestal as if they bear no responsibility for their actions. It's not outlandish to point out that things seem a little sketchier down by the river recently. To blanket downvote everything because people who have a different opinion haven't already written their theses on how to ""solve"" the problem is hilarious.

The Times Tribune never wrote another editorial or in-depth article promoting homeless compassion after Chris Kelly exposed that people in a certain homeless encampment had warrants and were clearly hiding *from* something.

This is the larger theme that this reddit community seems to be missing--it's okay to be poor and struggling! Most people in Scranton are poor! 60% of SSD students live in relative poverty! But, when we start talking about poor people who camp by the river, we have to admit that some of them are not capable of functioning in society and do not have any interest in ever re-integrating. In a sense, being homeless confers some privilege, and some of that privilege comes at a direct expense to society, especially those located in close proximity to homeless.",1,2023-05-19 18:04:37 UTC,homeless
Scranton Homeless Camps,0,https://www.reddit.com/r/Scranton/comments/13lg0yn/scranton_homeless_camps/,2023-05-19 00:38:51 UTC,"> In a sense, being homeless confers some privilege 

![gif](giphy|QBal0eKnbT4OY)",2,2023-05-19 18:18:45 UTC,homeless
Scranton Homeless Camps,0,https://www.reddit.com/r/Scranton/comments/13lg0yn/scranton_homeless_camps/,2023-05-19 00:38:51 UTC,"Scranton Myopia: Create memes once you've run out of talking points and once your friends have stopped upvoting.

Actual discussion of homelessness in your utopian Utah: [https://www.reddit.com/r/SaltLakeCity/comments/13nvhc2/homeless\_camp\_in\_sugarhouse\_park\_tunnel/](https://www.reddit.com/r/SaltLakeCity/comments/13nvhc2/homeless_camp_in_sugarhouse_park_tunnel/)",1,2023-05-22 00:09:41 UTC,"homeless, homelessness"
Volunteers take homeless camp cleanup upon themselves,27,https://www.reddit.com/r/Scranton/comments/1bmlgxd/volunteers_take_homeless_camp_cleanup_upon/,2024-03-24 14:01:51 UTC,"One thing is being homeless, another things is leaving all your shit behind for other to cleanup. 
Shout out to the locals who helped clean up.",15,2024-03-24 14:28:17 UTC,homeless
Volunteers take homeless camp cleanup upon themselves,27,https://www.reddit.com/r/Scranton/comments/1bmlgxd/volunteers_take_homeless_camp_cleanup_upon/,2024-03-24 14:01:51 UTC,"Just going to post this here to continue with adding context.

https://www.pahomepage.com/news/scranton-womans-effort-to-help-homeless-population/",1,2024-03-26 22:57:47 UTC,homeless
Volunteers take homeless camp cleanup upon themselves,27,https://www.reddit.com/r/Scranton/comments/1bmlgxd/volunteers_take_homeless_camp_cleanup_upon/,2024-03-24 14:01:51 UTC,"This isn't taking people's possessions for the most part - there are dozens of abandoned camps that are full of garbage and waste so disgusting even the homeless that lived there have moved on from it. I'm sure there are a few exceptions to that rule, but what else are we supposed to do? Leave these heaps of trash alongside our waterways and public areas until those admittedly unfortunate homeless decide to clean it themselves? That will never happen.
The group that organized this cleanup is simultaneously working with the current administration to find a long term solution to help the homeless and provide a clean environment for all of Scranton.",17,2024-03-24 17:14:13 UTC,homeless
Volunteers take homeless camp cleanup upon themselves,27,https://www.reddit.com/r/Scranton/comments/1bmlgxd/volunteers_take_homeless_camp_cleanup_upon/,2024-03-24 14:01:51 UTC,"When stuff is abandoned in public it becomes trash. 

Go explain to the homeless that they can chill without trashing their immediate environment if you want to advocate for something less stupid.",1,2024-03-26 14:31:31 UTC,homeless
Volunteers take homeless camp cleanup upon themselves,27,https://www.reddit.com/r/Scranton/comments/1bmlgxd/volunteers_take_homeless_camp_cleanup_upon/,2024-03-24 14:01:51 UTC,"Alpaca. First, the solutions to the complex causes of homelessness requires systemic changes that address mental health, forensics including hard to house individuals with dx of pedophilia , and capitalism creating financial inequality.   
Cleaning an abandoned camp is not humiliating to the individuals.  Working with social services to find solutions is the answer.",7,2024-03-24 19:29:42 UTC,"homeless, homelessness"
Volunteers take homeless camp cleanup upon themselves,27,https://www.reddit.com/r/Scranton/comments/1bmlgxd/volunteers_take_homeless_camp_cleanup_upon/,2024-03-24 14:01:51 UTC,So what's the common man to do about all the filth and garbage piles on the pathways our children walk to school on everyday? I'm talking about the person who isn't homeless but makes just enough money to get by and is not a politician with the power to move mountains and establish housing solutions.,7,2024-03-24 18:00:18 UTC,homeless
Volunteers take homeless camp cleanup upon themselves,27,https://www.reddit.com/r/Scranton/comments/1bmlgxd/volunteers_take_homeless_camp_cleanup_upon/,2024-03-24 14:01:51 UTC,"I donâ€™t know magic but I do know if you take care of people first the other inconveniences you speak of follow.  If you continue to look at it through your own selfish lens, you arenâ€™t getting anywhere.

Your comment has revealed how powerless you feel.  May I suggest that you reclaim your power in a way that doesnâ€™t disparage others by volunteering with an organization that can help with the root causes of homelessness.",0,2024-03-24 18:09:29 UTC,"homeless, homelessness"
Homeless Advocates Demand Action after Destruction of Homeless Camps,12,https://www.reddit.com/r/Scranton/comments/1c1n67s/homeless_advocates_demand_action_after/,2024-04-11 19:01:38 UTC,"It costs less to provide a one room apartment for homeless people than literally every other mode of ""dealing"" with them",7,2024-04-12 01:45:27 UTC,homeless
Homeless Advocates Demand Action after Destruction of Homeless Camps,12,https://www.reddit.com/r/Scranton/comments/1c1n67s/homeless_advocates_demand_action_after/,2024-04-11 19:01:38 UTC,Send the homeless to NYC,3,2024-04-13 02:52:09 UTC,homeless
Homeless Advocates Demand Action after Destruction of Homeless Camps,12,https://www.reddit.com/r/Scranton/comments/1c1n67s/homeless_advocates_demand_action_after/,2024-04-11 19:01:38 UTC,"Removing the camps from the trail wasn't intended to help the homeless, it was to make the trail cleaner and safer as its a popular spot for people to walk and bike, and some use it for regular transit. Cleaning the trail and helping the homeless are separate issues",9,2024-04-12 14:55:11 UTC,homeless
Homeless Advocates Demand Action after Destruction of Homeless Camps,12,https://www.reddit.com/r/Scranton/comments/1c1n67s/homeless_advocates_demand_action_after/,2024-04-11 19:01:38 UTC,How much are they spending per homeless person currently?,1,2024-04-13 15:40:34 UTC,homeless
Homeless Advocates Demand Action after Destruction of Homeless Camps,12,https://www.reddit.com/r/Scranton/comments/1c1n67s/homeless_advocates_demand_action_after/,2024-04-11 19:01:38 UTC,"I donâ€™t know how true this is. I remember a few years back a court officer in the Wyoming County court house told me that they bus the homeless up from Scranton/Wilkes-Barre for the summer then round them up in the fall, bc Wyoming County does not have over night shelters for the winter. I donâ€™t know how true that was but that kind of stuck with me.",0,2024-04-14 00:40:11 UTC,homeless
Question for anyone ,47,https://www.reddit.com/r/Scranton/comments/1gp3utf/question_for_anyone/,2024-11-11 21:33:05 UTC,"https://www.catherinemcauleycenter.org/  
The mission of the Catherine McAuley Center is to serve those experiencing homelessness in NEPA through housing programs, case management and supportive services.",3,2024-11-12 05:07:11 UTC,"homeless, homelessness"
Question for anyone ,47,https://www.reddit.com/r/Scranton/comments/1gp3utf/question_for_anyone/,2024-11-11 21:33:05 UTC,"I think it's highly unlikely any shelters will allow pets, unfortunately. You could check out Community Intervention Center on 445 N. 6th Ave. for guidance. They help people facing homelessness, and you can walk in without an appointment. Also, St. Francis at 500 Penn Ave. serves food every day and offers a pantry and free clothing store. I hope things get better soon.",2,2024-11-12 04:56:52 UTC,"homeless, homelessness"
Question for anyone ,47,https://www.reddit.com/r/Scranton/comments/1gp3utf/question_for_anyone/,2024-11-11 21:33:05 UTC,"If you had a longer post history I'd consider offering you to just stay at my place. Slum lords never care about pets. 

I've been homeless in the area w a car multiple times. Sheetz are awesome cuz for a buck you can get 2 hot dogs and a charge on ur phone and devices. Walmarts are pretty lenient about sleeping in their lots. Showers at planet fitness work wonders, but it is spooky late at night fr. 
Places like the recovery bank, and the CIC (across from Sheetz by downtown) are useful for finding connections to help get out of it. 
Govt assistance is useless here. If ur not paying rent they don't see being homeless as an expense. 
I used to sell plasma to get money and food but I only tentatively suggest that.",2,2024-11-12 21:29:43 UTC,homeless
Question for anyone ,47,https://www.reddit.com/r/Scranton/comments/1gp3utf/question_for_anyone/,2024-11-11 21:33:05 UTC,"Hey there! Iâ€™m in Wilkes-Barre and can help you out with some cat food if needed as well as maybe helping find a temporary foster for your cats until you get on your feet.

Also, I saw youâ€™re employed but just canâ€™t make ends meet. If you want, I can help you with your resume and help you find other employment and also start coming up with a plan to get you back in housing. 

Send me a DM if you want. I havenâ€™t been homeless but I have had to start over with nothing and I currently have two cats.",1,2024-11-12 22:41:13 UTC,homeless
Outdoor workout areas?,7,https://www.reddit.com/r/Scranton/comments/lt6xc8/outdoor_workout_areas/,2021-02-26 20:24:20 UTC,"Kirby park in wilkes-barre has one, also there is a cool scenic trail next to the river with homeless camps on it...   enjoy",1,2021-02-27 17:44:59 UTC,homeless
Outdoor workout areas?,7,https://www.reddit.com/r/Scranton/comments/lt6xc8/outdoor_workout_areas/,2021-02-26 20:24:20 UTC,"The park sounds nice. Thank you for the tip. I'm not sure what to say about the homeless camps. Hopefully, more shelters get built or the US starts embracing housing the homeless initiatives.",1,2021-02-28 14:25:11 UTC,homeless
Scranton faces affordable housing crisis,30,https://www.reddit.com/r/Scranton/comments/1bpwcpd/scranton_faces_affordable_housing_crisis/,2024-03-28 14:01:44 UTC," I grew up there, had to leave to the surrounding towns just to find affordable housing",2,2024-03-28 22:32:03 UTC,affordable housing
Scranton faces affordable housing crisis,30,https://www.reddit.com/r/Scranton/comments/1bpwcpd/scranton_faces_affordable_housing_crisis/,2024-03-28 14:01:44 UTC,"Builders are gunshy after 2008 and so thereâ€™s like a lost decade of housing.  Meanwhile, Scranton is only at a third of its peak population so the housing stock is here, just not up to quality.

We need more affordable housing, and that includes mixed use walkable neighborhoods downtown.",17,2024-03-28 14:44:00 UTC,affordable housing
Scranton faces affordable housing crisis,30,https://www.reddit.com/r/Scranton/comments/1bpwcpd/scranton_faces_affordable_housing_crisis/,2024-03-28 14:01:44 UTC,"Sort of. I mean, if the alternative is a bombed out vacant down town Iâ€™ll take some higher housing costs. We need developers who will build affordable housing too, but Iâ€™ll give Basalyga a pass for all the revitalization heâ€™s doing downtown.",5,2024-03-28 17:59:44 UTC,affordable housing
Scranton faces affordable housing crisis,30,https://www.reddit.com/r/Scranton/comments/1bpwcpd/scranton_faces_affordable_housing_crisis/,2024-03-28 14:01:44 UTC,"A builder can put up a 2 story, 2500 sq foot house for 25% more then they can build a 1 story 1250 sq foot house, and sell it for double what they can sell the 1000 for. 

&#x200B;

The lot price is the same, the septic, foundation, roof, driveway etc... all are the exact same. the only cost is adding the second story... so why would they ever build affordable housing when the ROI in everything is vastly better in the 2500sq foot one.

&#x200B;

so who are we expecting to build affordable housing, and where?",4,2024-03-29 02:47:25 UTC,affordable housing
Scranton faces affordable housing crisis,30,https://www.reddit.com/r/Scranton/comments/1bpwcpd/scranton_faces_affordable_housing_crisis/,2024-03-28 14:01:44 UTC,"Holy shit... an actual valid response to the question, thats awesome, thank you.

&#x200B;

Can we dig into the second and third ones for a second, how do we go down that road without turning into a ""slums"" type setup? especially with the single room occupancy and ADU's that are barely inhabitable? are there best practices / cities that have done that which are similar and turned out well?

&#x200B;

When I've looked into it in the past, just out of curiosity, I haven't done any in depth research, but from what I've seen, it generally resulted in unhappy neighbors, rich people benefiting, and still no affordable housing. Would these be like rent stabilized units by law? How do we prevent what the Lehigh Valley is seeing now, all the available areas turning into luxury and its doing nothing for affordable housing",4,2024-03-29 03:11:47 UTC,affordable housing
Scranton faces affordable housing crisis,30,https://www.reddit.com/r/Scranton/comments/1bpwcpd/scranton_faces_affordable_housing_crisis/,2024-03-28 14:01:44 UTC,"on the fees point, if the goal is more affordable housing, wouldn't it make sense to charge less for license fees the more you have as long as the rent is locked?

&#x200B;

The more small landlords you have, the narrower the margin (especially with current interest rates) so they would need to charge more rent, in theory.

&#x200B;

I agree with your statement about monopolies being bad, but if the goal is entirely focused on low income housing, it seems like the solution should be whatever pushes the rent down, as long as they are still meeting code?",2,2024-03-29 11:01:04 UTC,affordable housing
"Scranton, Pennsylvania, named the most affordable housing market by Zillow.",47,https://www.reddit.com/r/Scranton/comments/yfoqnq/scranton_pennsylvania_named_the_most_affordable/,2022-10-28 13:51:04 UTC,Seems the nationwide housing crisis even more grim if that's the case ðŸ˜¬ðŸ˜¬,2,2022-10-28 17:44:54 UTC,housing crisis
United Neighborhood Centers Breaks Ground on Affordable Senior Housing,3,https://www.reddit.com/r/Scranton/comments/1bgy8qz/united_neighborhood_centers_breaks_ground_on/,2024-03-17 14:01:42 UTC,"Affordable housing is good, although I wish the project was not limited to seniors. However, maybe affordable senior housing would help people downsize out of their homes and put more inventory on the market.",7,2024-03-17 18:15:48 UTC,affordable housing
Triplexes and ADUs?,7,https://www.reddit.com/r/Scranton/comments/1hlfsp0/triplexes_and_adus/,2024-12-24 15:27:51 UTC,"So, if I'm reading this right option 1) you want to go from duplexes to triplexes to get more people to live to create more money for landlords? 
Where's the affordable housing part for the citizens that can't afford the skyrocketing rents ass it is already?",1,2024-12-28 17:52:07 UTC,affordable housing
Triplexes and ADUs?,7,https://www.reddit.com/r/Scranton/comments/1hlfsp0/triplexes_and_adus/,2024-12-24 15:27:51 UTC,"Well said.  I'm involved in this sector and competing with rich NY and NJ companies has been rough.  They pay above what I'd call fair market value and unless you're Basalyga, Jefferson, Russo, and company, it's harder to get the equity needed.  And I wouldn't want to at some of their prices.  In my neighborhood, there were 5 homes for sale a few years back.  They went for a little over 400k.  Then the gentleman who bought them sold them for about 900k to a NY company... who proceeded to let the properties turn to trash.  One of the tenants told me she didn't have heat for a month, but was afraid to report it to the city because she'd be homeless.",8,2024-12-24 16:09:23 UTC,homeless
Whatâ€™s Scranton like?,21,https://www.reddit.com/r/Scranton/comments/woy9hi/whats_scranton_like/,2022-08-15 12:21:12 UTC,"It has affordable housing because of the crime rates here, but you're pretty safe if you live anywhere but south side.",1,2022-08-18 03:44:19 UTC,affordable housing
From Utah to Scranton,15,https://www.reddit.com/r/Scranton/comments/mmqglx/from_utah_to_scranton/,2021-04-08 12:14:21 UTC,"It's so annoying that this ends up representing Scranton to the Reddit crowd. It would maybe be a 5/10 if he didn't include the Steinbeck passage that he so blatantly copied the writing style from.

Especially this part:  


>The forests are littered with broken beer bottles and rusted rebar jutting defiantly from crumbling concrete foundations. Every hike promises a reminder of what we've done wrong and rewards with unapologetic glimpses at what makes the Scranton area a tarnished Eden.  
>  
>Don't believe me? Take popular hikes and walks to the Nay Aug Gorge, Lackawanna State Park, and Lake Scranton, or head off the well-traveled trail to climb West Mountain (or Bald Mountain if you're from my neck of the woods).

  
Not true ... at all. I've run hundreds of miles in these specific locations and their surrounding trail systems. Litter and ""crumbling concrete foundations"" are really rare. I cannot envision what this guy is talking about aside from homeless encampments if you know where to look.  


Also, the ""stink"" part, I've never thought that and have never heard someone from Scranton ever mention it. Not a fitting descriptor.  


The women being beautiful--not exactly. If we're going to make references to classic American literature you should look up the passage in Angela's Ashes where Frank McCort details how too many generations of crossing the Irish gene pool robs women of most traditionally attractive features.",13,2021-04-08 15:43:39 UTC,homeless
