Deidentified Submission Title,Submission Score,Deidentified Comment,Comment Score
[ORGANIZATION] to [PERSON],378,"Several states have operated relocation programs offering homeless people one-[STREET] tickets to move elsewhere. I canâ€™t speak for [ORGANIZATION] but you can add [PERSON] to your list, as of  [ORGANIZATION] the governor  issued an executive order to begin taking down homeless encampments. Bet money their next move is to send them east in FAC0. Nobody wants homeless people around.",14
[ORGANIZATION] to [PERSON],378,"It is like we are reliving the **""Night of the Living Homeless""** episode from [LOCATION].",3
[ORGANIZATION] to [PERSON],378,"[ORGANIZATION] and his colleagues continue to show how awful they are at American leadership. 

[ORGANIZATION] has a concerning amount of homeless and a concerning amount of crime. Very different from when I moved here unfortunately. Love the area though.",6
[ORGANIZATION] to [PERSON],378,Homeless from [ORGANIZATION] and [PERSON] have also been bussed to [ORGANIZATION] after [LOCATION] or other weather disasters. [ORGANIZATION] lost its safest city ranking soon after.,2
[ORGANIZATION] to [PERSON],378,"[ORGANIZATION] has been advertising we're doing this ever since our country decided to encourage illegal immigration.  In case it isn't obvious, you can't be pro illegal immigration and turn around and be ticked off because homeless people are everywhere.  Or low wage jobs aren't paying higher.",2
[ORGANIZATION] to [PERSON],378,"Happens all the time. Pickup is downtown [ORGANIZATION] near the ORG0 pantry.

Source: The urine smell around the ORG1 building decreases every time there is a homeless bus out.",1
[ORGANIZATION] to [PERSON],378,"Many states bus homeless to other states, this has been a common practice [ORGANIZATION] old.",1
[ORGANIZATION] to [PERSON],378,Many cities are busing homeless folks to [ORGANIZATION] other sunshine states. What is the answer to homelessness anyway?,1
[ORGANIZATION] to [PERSON],378,It's funny most of the homeless population is white and black but Republicans only focus on immigration.,1
[ORGANIZATION] to [PERSON],378,"By homeless you mean illegal aliens, right?",-8
[ORGANIZATION] to [PERSON],378,"[ORGANIZATION] has got to be the worst state in the union. Every state should bus their homeless there...makes a lot of sense, actually.",-2
[ORGANIZATION] to [PERSON],378,"They're running out of room in [ORGANIZATION] so the shithole states have to find other places to ship their people:  

[[URL]",0
[ORGANIZATION] to [PERSON],378,"If this is actually happening they could use the money they are bribing the homeless with to set up more shelters. Also build more men shelters as well. We need woman only shelters, family shelters and men shelters. For those thinking â€œugh pick meâ€ Iâ€™m not [ORGANIZATION], women only shelters and family shelters house women escaping abusive men. They canâ€™t let men in because of this so to make sure men donâ€™t start complaining we set them up with own shelters away from women and children.",0
[ORGANIZATION] to [PERSON],378,I thought [ORGANIZATION] loved homeless people?,-4
[ORGANIZATION] to [PERSON],378,Many many cities realized the cheapest solution to the unhoused in their city is a bus ticket and bribe. Send them to be someone else's problem.,26
[ORGANIZATION] to [PERSON],378,The government being greedy isnâ€™t the issue. The government not enforcing laws that were passed by representatives of [ORGANIZATION] citizens is the problem. If immigration law was enforced the homeless issue would be nowhere near the scale it is now. The world is giving everyone a bribe and a ticket to the [ORGANIZATION],0
[ORGANIZATION] to [PERSON],378,"It's been happening for [ORGANIZATION], just ask any homeless person who was given a ticket and 100 bucks if they signed a paper that they would never return to LOC0 [ORGANIZATION].  [PERSON])",1
[ORGANIZATION] to [PERSON],378,"I am pretty sure these are American citizens' homeless being bussed to [ORGANIZATION]. Did it start with bussing immigrants,  and now the state is bussing their homeless citizens? Who is next on the list? It's wrong in any case.",1
[ORGANIZATION] to [PERSON],378,By homeless the [ORGANIZATION] means illegals and youâ€™re right,-3
[ORGANIZATION] to [PERSON],378,"There was no discussion of illegal aliens during the town hall, only of homeless people in general. PERSON0 probably would not send migrants here because it is too close to [ORGANIZATION].",9
[ORGANIZATION] to [PERSON],378,True I remember reading it [ORGANIZATION]  [[URL],2
[ORGANIZATION] to [PERSON],378,Or even a plane ticket. I lived in [ORGANIZATION] before [PERSON] and it was confirmed that some homeless persons were flown into GPE2 courtesy of the state of [PERSON].,4
[ORGANIZATION] to [PERSON],378,Iâ€™ve met some people that were homeless and theyâ€™ve said similar things during [DATE] in [ORGANIZATION],2
[ORGANIZATION] to [PERSON],378,"[ORGANIZATION] was playing with the idea of flying their homeless anywhere they want in the [PERSON]. Not sure if they actually followed through or if they just considered the idea. 

No one wants to deal with their homeless, they just want to get rid of them",1
[ORGANIZATION] to [PERSON],378,"I mean, if I was homeless, I'd have taken that.",1
[ORGANIZATION] to [PERSON],378,"[PERSON]. You donâ€™t have to. But, spoiler: [ORGANIZATION] also has the same program to fly homeless people back to the mainland. The [ORGANIZATION] program though is about reuniting people with family who may be able to help them as well as the state providing some support once they arrive. Neither the [ORGANIZATION] nor [PERSON] program are about simply dumping people but, the idea of sending homeless people to [ORGANIZATION] which has a very serious homeless problem to begin with did not sit well with residents. Thereâ€™s not just the people in tents in [ORGANIZATION] but, if you go into the interior of the islands, there are entire â€œvillagesâ€ of homeless people (including multigenerational families) who have jobs, kids enrolled in school, etc but simply canâ€™t afford a [STREET] to live.",2
[ORGANIZATION] to [PERSON],378,"Youâ€™re disingenuous. You absolutely know what she meant  by â€œdemocratic stateâ€ but for your benefit,  letâ€™s do the color designation like you are in kindergarten. [ORGANIZATION] is a blue state. A sanctuary state. Why would your wonderful governor complain about the homeless? [ORGANIZATION] people should welcome all of them to their neighborhoods. No?",0
Where to eat if homeless?,49,"Someone mentioned gas stations, and I second that advice.

I have several friends whi are mangers at different [ORGANIZATION] gas stations and give homeless regulars  a ""job"" which is really just taking out the garbage and keeping the outside of the store clean in exchange for hot food that they are going to toss anyway, and even water and coffee. As long as they don't scare the customers away by hanging out/sleeping/begging on the premises, it works out well.

One of them had a woman who was outside of his store for [ORGANIZATION], rain or shine, in heat or cold. Her son was in prison, and she was trying to raise money to get an apartment for herself and him so that he would have a [STREET] to go when he got out. She was very friendly and never asked anyone for money outright - just would give a friendly ""hi"" and have [DATE].And if people gave her money, she would thank them, and she saved every penny - never used any on herelf so my friend let her get water/food from inside. I would stop and chat with her sometimes, that's how I know why she was out there. My friend let her stay out there all the [STREET] until she had the money to get her own [STREET]. I remember the last time I saw her, she updated me and told me she had got a [STREET] and was now trying to find some cheap furniture. I haven't seen her out there since, so  I'm glad that she made it.

My other friend who manages another [ORGANIZATION], had a guy there who he exchanged food and drinks for cleaning up the outside of the property and emptying the trash.  That worked out well for [LOCATION]. I would see this guy there all the time and it worked out well for both of them until recently -  he had to finally kick the guy out because he started bringing his friends who were  addicts and they started building a makeshift house on the side of the building and were kind of creeping the customers out.

But yeah, if you go inside and talk to the managers of one of these gas stations, a lot of them will work something out  with you.",22
Where to eat if homeless?,49,I think the OC(opportunity center) does free dinner for homeless.,3
Where to eat if homeless?,49,Tbh I thought this said â€œwhere to eat homelessâ€ as in homeless people and I was laughing my ass off lmao,2
Where to eat if homeless?,49,When I was homeless I mostly ate from garbage cans,3
Where to eat if homeless?,49,The [ORGANIZATION]. Where homeless  and drug addicts are welcome.,0
Significant increase in the number of homeless people ,12,"[ORGANIZATION] and executive has a rotating set, [ORGANIZATION] and ORG1 too. Heck thereâ€™s a homeless lady that sleeps in an arroyo behind my house.",14
Significant increase in the number of homeless people ,12,"Yea theres a housing crisis going on, so there are more unhomed people around now.",2
Significant increase in the number of homeless people ,12,[ORGANIZATION] has recently passed laws that are making it more difficult for the homeless and panhandlers here and since the [ORGANIZATION] ruling on homeless camps the city has been breaking up homeless camps here so perhaps some of the homeless have moved next door to [PERSON]. We never seem to do enough to solve the homeless problem in this country and just move them to another location.,1
Significant increase in the number of homeless people ,12,The homeless population in cities will increase while cities grow.,1
Significant increase in the number of homeless people ,12,"Yes. Itâ€™s reasonable to believe this is due to [ORGANIZATION] liberals essentially making homelessness illegal in [ORGANIZATION]. [ORGANIZATION] has begun.

[ORGANIZATION] â€¦ Facts donâ€™t care about your downvotes. 

[URL]",-36
Significant increase in the number of homeless people ,12,"Yea, a lot folks assume panhandlers are homeless, not even close to the truth. Homeless don't normally panhandle.",3
Significant increase in the number of homeless people ,12,Isnâ€™t it crazy? Blue states kicking immigrants and homeless out while red states donâ€™t? Yet the Republicans are the enemy somehow. ðŸ˜‚,1
Aggressive homeless/pan handlers in [ORGANIZATION],60,Yeah I once offered a homeless man a free meal. I'm an [ORGANIZATION] driver and I had a customer cancel so I had free food. He took one look at it and cursed me out and said he didn't want it.,13
Aggressive homeless/pan handlers in [ORGANIZATION],60,Homelessness is only going to get worse.  Interest rates and housing costs are going up.  Minimum wage earners cannot afford housing anywhere in the country.  The city should stop wasting money on stadiums and theaters and use it to help people instead.,21
Aggressive homeless/pan handlers in [ORGANIZATION],60,"Itâ€™s rough out there for sure, homelessness is no joke. Rising housing costs and lack of access to any sort of social help really does take a toll on our homeless brothers and sisters. Iâ€™m sure there are those that show some aggression, but I mean I know some wealthy people who act the same [STREET]. [ORGANIZATION] is advertised for our safety and our affordability, which is becoming less of a thing thanks to the city consistently selling out to corporations that can control pricing. The troubles are going to get worse before they get any better unless we start looking at them as people who are lacking and probably need those of us who can to help organizations that help them!",7
Aggressive homeless/pan handlers in [ORGANIZATION],60,"I moved to [ORGANIZATION] [DATE] before the pandemic happened and I distinctly remember remarking to myself about how few homeless people the city seemed to have compared to many other places that Iâ€™ve lived before. Now DATE0 it seems more like every other big city in [PERSON]; that is to say, Iâ€™ve definitely noticed a significant increase.",3
Aggressive homeless/pan handlers in [ORGANIZATION],60,"Been living in [ORGANIZATION] since [ORGANIZATION] and the homeless population was fairly noticeable. After [ORGANIZATION] took office, the homeless population skyrocketed. I noticed a lot of those folks werenâ€™t from the city or [PERSON] for that matter. Havenâ€™t been to [ORGANIZATION] in [LOCATION] and I donâ€™t visit often so unsure if yâ€™all are having a similar type of influx of homeless folks from outside the area.",3
Aggressive homeless/pan handlers in [ORGANIZATION],60,"I got accosted by some rando out at my secluded smoke spot in [ORGANIZATION], wonder if it was a homeless dude from near the [ORGANIZATION].",1
Aggressive homeless/pan handlers in [ORGANIZATION],60,"Some of these homeless people like to ask for free rides. they're coming from [ORGANIZATION] or [PERSON], some of them are being homeless because the businesses that they work for get shut down, or they just suddenly run out of business. A friend of mine had two jobs. He lost one of his jobs because the business that he works for just got shut down. A lot of my friends are unable to afford rent or anything and a lot of people that I know are wanting to go to school to get s\*\*\* done. My parents are worried about losing the house, it's impossible to live out here. One of my cousins moved to GPE2 with his wife to get better jobs and they moved back because of how nasty the neighborhoods and the people are out there. homelessness is a big problem especially in [ORGANIZATION]. If you don't have money or a good paying job, you won't survive. Ppl are not smart enough to know how to get anything done. a lot of people have no education. they think hard work is going to pay the bills but they don't know how to be smart about it. and that's why a lot of senior citizens are coming back to the workforce because it's not as great as it sounds. !gif!gif!gif!gif!gif",0
Aggressive homeless/pan handlers in [ORGANIZATION],60,"I have not experienced 'aggression', though I do see homeless people. They often come to check out my apartment complex's dumpster in the evening, which I know because I can see from my window, and I see homeless people resting or signs of habitation underneath the bridges over train tracks and interstates and places like that.

All I can say is that you would probably be 'rude' if you were homeless too - constantly watching your back, not knowing when you'll get your next meal, having no reliable [STREET] of comfort and refuge. 

[ORGANIZATION] is pretty bad for homeless too - it can be hard to even find a bathroom as someone with no car. I've been told to walk over a mile to use the bathroom before. Being homeless would be far worse.",0
Aggressive homeless/pan handlers in [ORGANIZATION],60,"Things are not always as they appear. Don't assume they are homeless just because they approach and beg. In my experience in [ORGANIZATION] the true homeless sleeping on the sidewalks with the shopping carts don't ask for money.

Those guys on [PERSON] and [ORGANIZATION] are a team. I see them  get dropped off and picked up. It's basically a job. City authorities are well aware of this and do nothing about it.

And the ones that walk around downtown and ask for money do it [ORGANIZATION].",0
Aggressive homeless/pan handlers in [ORGANIZATION],60,"I have noticed a lot more homeless here since the pandemic. Many of them are from out of town and unfortunately they bring their bad attitude with them. I've offered to get them food, but they refuse. Luckily none have cussed me out. Maybe because I'm over six feet tall...either [STREET] I hope they know that there are resources out there for help, but they're going to want to seek and want it.",1
Aggressive homeless/pan handlers in [ORGANIZATION],60,That the dude who hangs out by the trolley stop and asks for money from drivers stopped at the stop sign? My father-in-law was visiting from [ORGANIZATION] and when he refused to give him money the panhandler started throwing racial slurs at him in Spanish (despite the fact that the dude looks Mexican/Mexican-American himself). My father-in-law just responded â€œpor eso andas asÃ­ de jodidoâ€ haha,44
Aggressive homeless/pan handlers in [ORGANIZATION],60,"Not saying that those arenâ€™t factorsâ€”they definitely areâ€”but the truth is that the majority of homeless people are mentally ill, addicted to drugs, or both. If I had to guess Iâ€™d say this is especially the case when it comes to the individuals who tend to harass or get aggressive with other people as being discussed here.",7
Aggressive homeless/pan handlers in [ORGANIZATION],60,"Yeah PERSON0 and PERSON1 battle is bad. I saw one of the homeless men relieving himself under the pass. Iâ€™ve seen another man tweaked out on drugs literally on the ground where he could get run over, had to swerve to not hit him (called 911 on him). Iâ€™ve had to call the fire dept when itâ€™s cold because they just lay on the ground in freezing temps. It seems that now on every intersection I see more and more homeless. New faces from the ones in used to seeing. 
No idea how or what can be done, but something needs to be done. Not even sure where to offer donations.",3
Aggressive homeless/pan handlers in [ORGANIZATION],60,"lol has nothing to do with advertising, homelessness is a huge problem everywhere. People aren't choosing to go homeless because of a tagline, there isn't even tourism in [ORGANIZATION] hahaha",6
Aggressive homeless/pan handlers in [ORGANIZATION],60,"I've been living in [ORGANIZATION] for [ORGANIZATION] and although the homeless population isn't nearly as bad as other major cities, I have noticed an increase since the pandemic. Not sure what the root cause is either. 

I speculate that a lot of homeless come from out of town and end up staying here because they noticed is so quiet and peaceful compared to say [PERSON] or GPE2.",9
Aggressive homeless/pan handlers in [ORGANIZATION],60,"Yeah he really put emphasis on the horrible, and I had to keep my eye on him cuz he made me uncomfortable after that, but that was a while ago and I haven't seen em. One of few times a homeless guy ever made me feel that",3
Aggressive homeless/pan handlers in [ORGANIZATION],60,"Friendly remember: most of us would be similar to our worst-selves if forced into homelessness, mental health issues, and substance abuse.

I'm sorry for your negative experience, but I'm grateful for your patience with those among us with the least.",3
Aggressive homeless/pan handlers in [ORGANIZATION],60,"Homelessness happens when you have a city whose government ignores its most vulnerable population and not focus on improving people's material conditions. Start with more affordable housing, social programs to help drug addicts, free healthcare at the point of service, etc. 

They rely on drinking and drugs to numb the pain of living in the streets.",7
Aggressive homeless/pan handlers in [ORGANIZATION],60,"I absolutely agree with all three of your suggestions. More housing is important for all of us across the board really, not just the homeless. And not just affordable housingâ€”studies have shown time and time again that more housing of any kind actually brings the cost of all types of housing down. The most important thing that cities can do right now is to amend zoning laws so that we can build with more density! That means more apartment buildings, more duplexes, etc., rather than just single-family homes with lawns. The only people who might suffer from such changes are investors, which might explain why we struggle so much to make these fixes.

Iâ€™m really no expert on the issue of homelessness, but it is something that Iâ€™ve been reading and trying to learn more about over [ORGANIZATION]. Itâ€™s indisputable that rates of alcohol and drug abuse among the homeless are much higher than among the general population, but the issue of cause and effect certainly remains controversial. Iâ€™ve seen studies placing addiction as the second-most significant cause of homelessness, while others put it significantly further down the list. Whatâ€™s certain though is that getting people out of homelessness once theyâ€™re already experiencing it becomes much more difficult if theyâ€™re suffering from addiction on top of it.",2
Aggressive homeless/pan handlers in [ORGANIZATION],60,"Haha do what about it? Type another snarky remark on the internet? NOPE. None of you soy boys intimidate me anyway. Homeless issues affects all working classes from all walks of life, liberal or not. So what if I posted it here?  There are plenty of ""right wing badasses"" in [ORGANIZATION]. You just hang around the wrong people.",-16
Aggressive homeless/pan handlers in [ORGANIZATION],60,"You got punked out by a homeless dude, [ORGANIZATION]",8
Aggressive homeless/pan handlers in [ORGANIZATION],60,Jokes on you. I AM the homeless dude! [TIME],-8
Where can I find homeless people in [ORGANIZATION]?,0,"Go to [ORGANIZATION] in downtown [ORGANIZATION]. It's a [INSTITUTION]. The entrance is in an alley. Go during [ORGANIZATION]. 

Ask for [ORGANIZATION] and tell him you want to do a quick documentary. He will help you out, he's a good guy. He's real skinny with a bald head. 

Or go to ORG1, which is a block away. Those are for homeless veterans though, if you want diversity.",21
Where can I find homeless people in [ORGANIZATION]?,0,"A tip for your safety:  There is a difference between homeless and the transients.

Some of the transients are actually not homeless.  They are traveling without a vehicle and are often very dangerous and many are wanted in jurisdictions for crimes.

If you see someone who seems to have a backpack, but seems reasonably put together, be cautious.",4
Where can I find homeless people in [ORGANIZATION]?,0,"""Hey guys do you know where I can find homeless people to exploit for my school project?""",10
Where can I find homeless people in [ORGANIZATION]?,0,""""" ""UNHOUSED"" """,3
Where can I find homeless people in [ORGANIZATION]?,0,"Make it about the homeless in [ORGANIZATION],.  There are a ton of them there.  They are  taking over that [STREET].",14
Where can I find homeless people in [ORGANIZATION]?,0,Make sure in your documentary you include why there are more white homeless people than Hispanics,4
Where can I find homeless people in [ORGANIZATION]?,0,Look around opportunity center & other homeless shelters..,2
Where can I find homeless people in [ORGANIZATION]?,0,"I work in the [LOCATION] at [ORGANIZATION]. There are homeless frequent flyers that basically live in our waiting room and sign in [TIME] so they can sleep on a stretcher, get meds, and food. The bunch we have right now are all very nice and we treat them as well as we can.",2
Where can I find homeless people in [ORGANIZATION]?,0,"[ORGANIZATION], it's a Christian [INSTITUTION] in central. There is all ""types"" of homeless people living there, so you will get a diverse crowd of people. There is people who have been living in the streets for [ORGANIZATION], usually the mentally ill types who have not received the help they need, guys usually gang members who just got out prison and have no where else to stay, people struggling with addiction who work but all their money goes to drugs, immigrants from all over [ORGANIZATION] who just arrived and need somewhere to stay.",2
Where can I find homeless people in [ORGANIZATION]?,0,"Everywhere dude. Although are you looking for migrants? Or are you looking for people who became homeless for reasons other than migration? The reason I ask is because the homers people seemed to have been pushed out of a lot of their usual spaces by migrants. The people I see
At FAC0 and the FAC1 intersection are migrants. If you go to [ORGANIZATION] are youâ€™ll find some homeless people who have been there awhile",1
Where can I find homeless people in [ORGANIZATION]?,0,Downtown but be careful some do like to chase people around first hand experience as a [STREET] photographer I go and take photographs of the homeless at night I did get chased twice,0
Where can I find homeless people in [ORGANIZATION]?,0,Everywhere. The ever growing homeless problem is part of why I moved. Just go to any red light intersection.,1
Where can I find homeless people in [ORGANIZATION]?,0,"Iâ€™d exercise caution with the people standing at the intersections asking for money etc (panhandling). A lot of them (potentially) can be scammers and are not actually homeless. Not saying all, but many could be scamming.",7
Where can I find homeless people in [ORGANIZATION]?,0,"I have been homeless before, and i wouldve appreciate it a lot if someone had helped me find a job, i dont know why youre getting downvoted",11
Where can I find homeless people in [ORGANIZATION]?,0,"Oh yeah youâ€™re humanizing them so well with your â€œjob applicationâ€ comment. A HUGE part of basic empathy is understanding that a large portion of people who are homeless are incapable of finding work, wether that be mental/physical illness, improper documentation (I recently had to help a homeless veteran get a social security card just so he could get [ORGANIZATION] benefits he had no idea were available to him and it was an extremely tedious and grueling process that you need legal help for, which most [ORGANIZATION] people canâ€™t access). I genuinely do not believe youâ€™re doing this in good faith. You have a lot to learn before even attempting this project if youâ€™re even the slightest bit genuine about wanting to help people.",1
Where can I find homeless people in [ORGANIZATION]?,0,"He is just being an asshole. There is a feeling out here that a Hispanic will never be homeless because we are too prideful and hardworking, and that only white people end up homeless because they are lazy and want handouts. When in reality a lot of people who are homeless, Hispanic or not, do work, and have jobs. They are usually homeless due to addiction and mental illness, many times both. 

By the [STREET] the reason why you will see more white homeless than Hispanic homeless, is because white American culture is very individualistic, at [ORGANIZATION] they kick you out of home and you are on your own, you are shamed if you still live at home as an adult if you are a white American. I worked with a girl who lived in a car and she proudly stated that at least she is not living at mom's house as an adult like many of us where. Also many white Americans will disown family members who are involved in drugs other shit, so many of these people really have no where else to go. The same is not with Hispanics. Hispanic culture is very collectivist, you always have a [STREET] at mom's house, no matter what, and if she kicks you out, aunt will take you in, or your cousin, or your grandma. Hispanics for the most part are never at risk of being homeless because someone's couch in your family is always open. Most homes here are not only multigenerational, but extended family members usually live together as well. [PERSON]'s house is usually occupied by aunts, uncles, cousins, second cousins, everyone. Not to mention, family friends usually become members of the family, so friends here will take you in as well if you need to. We are very community oriented. And even if you are involved in drugs, crimes, whatever, family usually turns a blind eye, which I admit is an issue, but preferable to disownment.

So yeah mix white American individualism with poverty, drug addiction and untreated mental illness and that is how you end up with so many white homeless people. We should not bash them for that, but it is one of the reasons why I personally hate White American culture so much, and why I feel we should fight to keep the Southwest Hispanic and our traditions alive as much as we can, as asshole as that sounds.",4
[ORGANIZATION] policeman,753,"[Huffpost]([URL]

Looks like the original [ORGANIZATION] article is no longer there. Back from [ORGANIZATION] but doesn't mean more acts of kindness haven't been done.",6
[ORGANIZATION] policeman,753,"[PERSON]. Never fall for that corny pr stuff.Â 


They aren't building Cop Cities to teach them how to give homeless people shoes in [ORGANIZATION], buddy.Â They're more likely trashing homeless people's tents, hassling them [LOCATION], etc. They're trained to look at us all as the adversary, not a community to protect.Â 


Look at the police protecting [ORGANIZATION]'s profits by acting like personal security for them and breaking union picket lines. Look at who they really protect and serve.Â 


[ORGANIZATION]. If you want to see the homeless in [ORGANIZATION] cared for, go feed them. Go talk to them like human beings, find out what they need and help them get it, instead of bootlicking copsÂ ",0
Is there a lot of homeless in [ORGANIZATION]?,4,Thankfully thatâ€™s not really a big problem here. Youâ€™ll find some homeless downtown or at the gas stations at the ends of town off of FAC0.,8
Is there a lot of homeless in [ORGANIZATION]?,4,I don't think that [ORGANIZATION] has a homeless problem compared to other larger cities.,0
Is there a lot of homeless in [ORGANIZATION]?,4,"More so heading east. At loves truck shop close to horizon city. Tbh though I donâ€™t see many homeless out and night. Lived here since I was DATE0.

Edit: or perhaps the [ORGANIZATION] [INSTITUTION] downtown.",2
[ORGANIZATION] for Homeless Veterans,10,I need people to go to FAC0 Track to Walk to help [ORGANIZATION] on [ORGANIZATION],2
Need to sell to buy food,50,"DATE0 I volunteered at a [INSTITUTION] called [ORGANIZATION], they have an immediate outreach center where you can get a shower and do your laundry along with a meal all free of charge, theyâ€™re located a bit east of downtown on 130 N cotton st, would highly recommend giving them a visit",6
Need to sell to buy food,50,Op Iâ€™ll send you cash app and it will put you in a good spot for [ORGANIZATION] if you could please take a moment and explain to me why you and your [ORGANIZATION] son are homeless. No family to help you and the both of you are working or not?  Had to go through your feed history to get a sense of what youâ€™re going through. Please donâ€™t mistake this as me passing unnecessary judgement but you are making this public and you do have a phone so your paying a bill and you have apps that accept payment so Iâ€™m just super curious about help my someone who Is able bodied or handicapped in some [STREET],7
Need to sell to buy food,50,"From what I've heard, [ORGANIZATION] doesn't give you food stamps if you're homeless. Only [PERSON], as far as I know.",1
Need to sell to buy food,50,"[ORGANIZATION] does give food stamps if you're homeless. You just need documentation of homelessness from a [ORGANIZATION], which caseworkers at most shelters will assist it.",10
Please help me get answers about my mom,84,"Wow...I'm so sorry...what a sad situation. All I can think of is calling [ORGANIZATION] again and seeing if you can confirm what that lady told you? 

These people may be able to help you also. They helped a friend with a bad custody situation. [URL]",18
Please help me get answers about my mom,84,"homelessopportunitycenter

[URL]

I was browsing through all the shelters and these 2 service homeless people with severe mental illnesses.. if you do decide to keep searching for her..",6
Please help me get answers about my mom,84,I follow a woman on [ORGANIZATION] her user is bookieandmommyshelpinghand. She spends a lot of time on the streets interacting with the homeless community. Maybe you can reach out and she can point you in the right direction or maybe she can ask around about your mother? From what Iâ€™ve seen sheâ€™s based in central/downtown but she might be able to help in some [STREET]. Wishing you luck!,7
Please help me get answers about my mom,84,"Check in [ORGANIZATION] nm in [PERSON]. Many homeless travel from [ORGANIZATION] and [ORGANIZATION] and if she has been in [ORGANIZATION] they will have some record of that 
God bless",1
Please help me get answers about my mom,84,You might want also try area nursing homes. Often times after homeless land the hospitals they are often placed in nursing homes assuming there is a funding source.,1
[ORGANIZATION]  recommendations[ORGANIZATION]ðŸ½ ,4,"[ORGANIZATION] and [ORGANIZATION] offer psychiatry and therapy services. Since your brother was homeless, he may qualify for free services. [ORGANIZATION] also works with the city and helps those with substance abuse  (rehab) just in case if you know if someone might need it.",4
Dad moving from [ORGANIZATION] to [PERSON].,0,Also [ORGANIZATION] made homeless a felony so yeah idk lol,2
DATE0 fire at [ORGANIZATION] hotel.,188,"It was, homeless people hanging around/people using the alley to hook up..",1
DATE0 fire at [ORGANIZATION] hotel.,188,Can confirm the [STREET] was a flop house for homeless and addicts as I work in [ORGANIZATION] across the [STREET]. I am not surprised this didn't happen sooner.,1
Help,0,[INSTITUTION] exists,1
[ORGANIZATION] on the map for good things again! Thoughts?,12,"It's a pretty well known fact that most homeless people will try to migrate to an area that is more open/accommodating to homelessness AND that their destination has good to great weather [ORGANIZATION] round. Why would homeless people stay in [ORGANIZATION], much less [PERSON] with our climate? Not surprised in the least about what this map shows.",6
[ORGANIZATION] on the map for good things again! Thoughts?,12,"it puts into perspective how fucked our country is and how dirty it does the population. We have a homeless epidemic, I'm lucky enough to be in a position where I can help and often volunteer about once a month or so, I've seen first hand how many we have and the fact that its considered a good low number is twisted. Obviously [ORGANIZATION] has a significantly better government than [PERSON] and [PERSON] so it isn't as bad here as there but our numbers should be what those two states experience and ours should be near nonexistent. 

  
[PERSON] has managed to essentially eradicate homelessness with a worse GDP to population than we have, no excuses for the [PERSON] to not have done the same thing. Being in a profit over humanity country really sucks sometimes. We got all the money in the world to give to useless foreign countries that do not help us and set up camps for migrants who will never see citizenship because we've designed it as a tax write off instead of an immigration point, but none to spend to help our people, not just with homelessness but education, healthcare, and literally everything under the sun all the [STREET] down to school supplies for teachers. 

  
I'm not a big fan of the government.",0
[ORGANIZATION] on the map for good things again! Thoughts?,12,[ORGANIZATION] and [PERSON] carry the burden for the rest of the country. You think all the homeless in [ORGANIZATION] are from [ORGANIZATION]?,8
[ORGANIZATION] on the map for good things again! Thoughts?,12,"Please tell me [ORGANIZATION] does a better a job. When my mother was in it, she was told that they don't make people homeless. She's going to be homeless unless I risk my lease to house her.....",2
[ORGANIZATION] on the map for good things again! Thoughts?,12,"Same problem here in [ORGANIZATION], they bring homeless people from [PERSON] and drop them off in our city, I've seen the busses unload homeless people under the free [STREET] so many times. We already have a bad homeless problem without other states homeless.",2
Gluten free food,6,Lol it's not just homeless cats bro!,3
KVIA: Smoke in [ORGANIZATION] air [ORGANIZATION] is from [ORGANIZATION] in the panhandle (800+ square mile wildfire),24,I feel so bad for all the newly homeless animals who lived in the area :(,2
Donation of medical supplies,2,"Health dept. , [ORGANIZATION], police dept. Homeless shelters, community health centers.",4
how bad is the drug problem downtown?,0,"The ones you see with stimming type behavior are mentally ill. There are very few options for them if any. The only [STREET] to know if they're homeless is to ask them and I don't recommend doing that.

But yes, [ORGANIZATION] has a drug problem as does the rest of the [PERSON] and GPE2.",23
how bad is the drug problem downtown?,0,"The entire country has a drug problem and will always have one as long as theyâ€™re classified as a criminal offense instead of a medical problem. [PERSON] is increasing in this city due to an increase cost of living, gentrification, and displaced migrants. If wages donâ€™t increase here these problems will continue.",11
Apartment decision,2,FAC0 is three blocks away from the [INSTITUTION]. A lot of drug use around that area.,11
Best jobs for mentally ill people?,2,"I know that [ORGANIZATION] industries on [ORGANIZATION] hires people with disabilities. Give them a call. Also go to a ORG1 office and talk to them too. They may be able to find you other employers who hire disabled people.
By the [STREET], it may be illegal if they fire you because of a disability. You may also ask the doctor you see at ORG2 to give you a letter that you are unable to work because of your mental problems. You'll be able to get help in preventing you from becoming homeless. Hope this helps.",10
Ain't about that FAC0 life,90,"Used to work at the FAC0 on FAC1... 

I thought all the rumors were from a bunch of haters (I'm from the [ORGANIZATION] btw) but I have never been more surprised in my life. 

I saw so many things including: homeless living right outside our back door, drug deals in the parking lot, saw a car get stolen, saw someone that straight up rammed his car into someone else from [STREET] rage, & i went to FAC2 on FAC3 for lunch and I was followed by a homeless dude for 2 blocks until I gave him my lunch...

Sorry but I would never live in the FAC0 !!",23
18th Birthday ideas?,5,"If you have a few friends and about $300, you could offer to supply, prepare and serve dinner to about 150 homeless people at [ORGANIZATION].  

It would be memorable, kind, and uplifting for the homeless and your crew.

Offbeat, yes. But nothing beats doing for others.",8
So I Saw this badass PERSON0 at FAC0 while ubering. He was waving at all the passing drivers.,61,homeless man man!,1
"[ORGANIZATION], squatters take over abandoned downtown [ORGANIZATION] buildings; interiors covered in human feces",37,I don't know of a major city in [ORGANIZATION] that doesn't have a homeless problem.,6
"[ORGANIZATION], squatters take over abandoned downtown [ORGANIZATION] buildings; interiors covered in human feces",37,"Lets keep things in perspective. 

The national average is 17 homeless people per 10,000. (source

809 homeless in [ORGANIZATION] (source)

Which works out to [ORGANIZATION] having 11.8 homeless people per 10,000.

So in other words...

#[ORGANIZATION] has a homeless rate 30% lower than the national average.",9
Need your help finding a rapist near [ORGANIZATION],39,I'm near [ORGANIZATION] high. [PERSON] of homeless at [ORGANIZATION] park across the [STREET]. I'll keep an eye out. Any additional details on appearance?,2
Why do the police station themselves along the border highway?,6,"Not exactly sure but I usually see homeless running to and from demolished parts of the gate(highway construction) which makes a small opportunity to cross people, drugs, etc. ",6
Housing The Immigrants,3,"This problem is too large to be solved by government alone.  For those of us who support open borders and mass immigration, it's time for us to stop virtue signaling and put our feelings of altruism into action.  We need to open up our own personal wallets, hearts, and homes to these poor, suffering people.

So if you voted for a Democrat in a federal or state election, please donate money, food, time, and clothing, and above all offer to shelter one or more of these poor homeless immigrants in your own house or apartment.  If you live elsewhere in the state or even out of state far from the southern border, please donate money and clothes (until it hurts) while offering to take people in if they travel to your home area.

If you believe that altruism is a moral ideal and that Americans need to come together and help the poor at home and abroad, then surely you feel (or should be feeling) a duty to sacrifice your personal selfish interests to help these poor people.  

The federal government is not going to be able to handle this competently, and state and local governments simply don't have the resources.  But if we hold true to our feelings and give of ourselves and open up our hearts and our homes, we can make a real difference.  It's time for those of us who voted for the Democrats to directly face the [practical aspects of our political advocacy]([URL] rather than push the costs of our charitable feelings onto our fellow Americans who advocated for different policy.",1
Housing The Immigrants,3,"Altruism is great when your system can handle the cost of the pricetag behind that altruism.

You shouldn't start taking on more than you can handle when your own country doesn't have its act together for those that are already within its system and are already citizens. No one should have to explain the large need of the homeless in the country along with the veterans - those problems have been persistent in the [ORGANIZATION] and is a can often just kicked down the [STREET].

\>The federal government is not going to be able to handle this competently, and state and local governments simply don't have the resources. 

Which is why immediate deportation is your best bet. If you don't have your act together as a country 100%, someone's problem shouldn't become yours and it is not responsible to be something to everyone all the time until you've got your act together who have been needing help for [ORGANIZATION] or [LOCATION].",3
wHaTs iT LikE LiVing oN tHe BoRdeR wItH aLL tHosE iLlegALs aNd cArTeLs?,315,I live in [ORGANIZATION] but spend a lot of time in [PERSON] (son there). I love [PERSON]. I have never seen a homeless person there. I know they are there but it's not like in GPE2 or [ORGANIZATION]. Everything is so affordable in [PERSON]! People are nice. Kids can do dual language in elementary school. The restaurants are wonderful. The mountains are beautiful. It's hot in [ORGANIZATION] but I get up early for my walk and the sunrise/sunsets are gorgeous. Always happy when I am there.,34
wHaTs iT LikE LiVing oN tHe BoRdeR wItH aLL tHosE iLlegALs aNd cArTeLs?,315,"I understand we still deal with homelessness, but not to the same magnitude as other cities. We also have shit-paying jobs, but thatâ€™s because we donâ€™t have a diversified economy, only military/government jobs, sales, and medical.

Iâ€™d still take [ORGANIZATION] over other cities, given its safety, weather, culture, mountains, and low cost of living.",55
wHaTs iT LikE LiVing oN tHe BoRdeR wItH aLL tHosE iLlegALs aNd cArTeLs?,315,No homelessness? Who are you trying to kid?,2
wHaTs iT LikE LiVing oN tHe BoRdeR wItH aLL tHosE iLlegALs aNd cArTeLs?,315,There's homeless all over [ORGANIZATION] lol,1
wHaTs iT LikE LiVing oN tHe BoRdeR wItH aLL tHosE iLlegALs aNd cArTeLs?,315,"â€œNo homelessness? Affordable homes? High quality of life?â€

Donde guey?!",-4
wHaTs iT LikE LiVing oN tHe BoRdeR wItH aLL tHosE iLlegALs aNd cArTeLs?,315,[ORGANIZATION]o homeless??????? I see plenty of homeless around [ORGANIZATION] mesa,-3
wHaTs iT LikE LiVing oN tHe BoRdeR wItH aLL tHosE iLlegALs aNd cArTeLs?,315,"There is homelessness in [ORGANIZATION], panhandlers at many intersections . With the immigrants being released onto the streets itâ€™s only gotten worse. Crime is on the rise in the sun city with auto thefts skyrocketing and assaults increasing steadily.",-5
wHaTs iT LikE LiVing oN tHe BoRdeR wItH aLL tHosE iLlegALs aNd cArTeLs?,315,The homeless I have encountered are either mentally Iill or choose that life style. Many of the pan handlers actually have apartments. Not that they have easy lives but most are not â€œhomelessâ€ in that sense. We also have many that come down for [ORGANIZATION] from other places.,9
wHaTs iT LikE LiVing oN tHe BoRdeR wItH aLL tHosE iLlegALs aNd cArTeLs?,315,"I had some guys from [ORGANIZATION] come visit me in [PERSON] and they were absolutely shocked at the amount of homeless and tents in [PERSON], I hadnt noticed before they pointed it out but yeah [ORGANIZATION] doesnt really have that much of a visible homeless problem even compared to [PERSON], much less to GPE2 or GPE3",23
wHaTs iT LikE LiVing oN tHe BoRdeR wItH aLL tHosE iLlegALs aNd cArTeLs?,315,"Real talk though, DATE0 I went to [ORGANIZATION], [PERSON]. I was absolutely stunned at the literal BLOCKS of homeless people all lined up on the sidewalks. Like entire communities living in tents and sleeping bags. Never seen anything like it my life.",4
wHaTs iT LikE LiVing oN tHe BoRdeR wItH aLL tHosE iLlegALs aNd cArTeLs?,315,Thereâ€™s homelessness in [ORGANIZATION]?,4
wHaTs iT LikE LiVing oN tHe BoRdeR wItH aLL tHosE iLlegALs aNd cArTeLs?,315,The climate is not panhandler friendly.,9
wHaTs iT LikE LiVing oN tHe BoRdeR wItH aLL tHosE iLlegALs aNd cArTeLs?,315,"I would agree, except that I have seen tons of panhandlers in [ORGANIZATION] so it can't be that.",4
24hr joints?,3,"Might have to check it out, bit of a [STREET], but beggars canâ€™t be choosers I guess.",1
"Wife just kicked me out. Just me, dog and car. Not much money.",7,"There was an [ORGANIZATION] on here some time ago, about a guy who was homeless for a while. He gave lots of tips and great advice!

Here's what I remember:

* Save your money, don't join that gym just for the showers. This guy advised hitting up one of those trucker depot centers. The only one I know of is on the corner of FAC0 and FAC1. A long ways, but there might be others?! Not sure. He recommended those places because showering is simpler and cheaper than just joining a gym for shower rights. Plus you'll raise fewer suspicions for looking like shit.

* If you are going to live in your car a while, keep it as tidy, clean and comfortable as possible. Nothing says HOMELESS like crazy wrinkled clothes and terribly body odor!

* GOT A JOB? If not, keep some clean clothes elsewhere. Clean clothes to go to interviews in. Clean clothes to go to work in.

---
There was lots more, but I can't find the post :(

My own advice:

* Having your dog will make things really tough for you. You are trying to take care of yourself AND your dog. You both gotta eat, sleep AND stay healthy. DATE0 coming up, and you can not prioritize taking care of yourself if you are caring for your dog also. My advice: beg your wife to just keep your dog. You really have no friends or family? If you do, I hope they can care for your dog for a while, while you get your self together.

* Avoid ORG0 parking lots. Even if they don't call the police, I'm sure they [ORGANIZATION] write down your plates. PLUS I don't know what the vagrancy or loitering laws are. Best to be careful. You don't want that showing up later.",1
"Wife just kicked me out. Just me, dog and car. Not much money.",7,"Out of curiosity, what caused your father to be homeless with nowhere to go? This is my first time in this situation. ",1
Id like to help,41,"I was part of a group of about 20 people who, for [ORGANIZATION] until the pandemic stopped us, purchased, prepared and served 120 to 160 residents, four meals a month at [ORGANIZATION] on FAC0  I helped for [LOCATION].  These are all single, male residents. At the same general location is a smaller women's shelter and a smaller still elderly women's shelter.  You could call during business hours and offer to help. See how you fit in. See how it goes and maybe you'll find your spot.",8
This is why we can't have nice things or move forward. People always be complaining. ||West [ORGANIZATION] residents seeking legal action to stop affordable housing complex.,102,"There's a lot of false narratives being thrown out in these comments by uninformed people:

""My taxes shouldn't be used to build your housing""=> They won't. This project is privately funded  and owned. The developer competes for Low income [ORGANIZATION] which are purchased by investors to offset their taxes. [ORGANIZATION] proceeds are used as an additional source of funds to complete the construction. The LIHTC program was started in [ORGANIZATION] to incentivize the building of affordable housing. Can someone remind me the name of the president who signed this legislation into law? /s

""Section 8 housing attracts crime"" -> There is no evidence for this claim AND this is not going to be Section 8 housing.

""These people live in the 'program' and never get out""-> This is not a housing program. People who live in these communities earn between 50% and 80% of [ORGANIZATION]. A family of 4 earning 60% of [ORGANIZATION] makes $45K/year in [ORGANIZATION].  They apply to live here like any other apartment complex and they qualify after a thorough background check and a review of their income status. They pay rent like any other renter, just at a reduced rate. The family of 4 above would pay about  $1,100 per month for a 3 [ORGANIZATION] unit.

""They were supposed to build a school here""  -> ORG0 is shrinking not expanding. [PERSON], the closest school in this neighborhood, is at risk of shutting down due to a diminishing student population. By bringing new families to the area, we can improve this vacant lot and potentially save our local school. The alternative is a shuttered elementary school and a vacant lot.

This project will increase traffic in the area.: - >There are over 700 multifamily units within 300 yards of this proposed community. Adding 100 more will have little if no impact on traffic.

[PERSON] ([ORGANIZATION] Member) has more complete response in the link below:

[[URL]

I am a [LOCATION] resident of this neighborhood. I can see this lot from my backyard and I support this project.",15
This is why we can't have nice things or move forward. People always be complaining. ||West [ORGANIZATION] residents seeking legal action to stop affordable housing complex.,102,"""Affordable housing complex""",1
This is why we can't have nice things or move forward. People always be complaining. ||West [ORGANIZATION] residents seeking legal action to stop affordable housing complex.,102,"The issue is infrastructure and transportation. The whole point is to be able to have affordable housing with nearby public transportation. If you're in affordable housing, you most likely don't have a vehicle, so public transportation is going to be your main source of movement. Sadly [ORGANIZATION] is shitty when it comes to accessibility without a personal vehicle. We really are spread thin without much density.",5
This is why we can't have nice things or move forward. People always be complaining. ||West [ORGANIZATION] residents seeking legal action to stop affordable housing complex.,102,"There is no gray area. There is a need for housing for folks that aren't as lucky as others. This is one action to combat that. Just because you live on the westside or a certain neighborhood, doesn't mean you are more special that anyone else or deserve special treatment. 

Aside from that, affordable housing like this one does not bring crime with it. 

One of the worst things [ORGANIZATION] has done is driven out folks that can't live there with this mentality of saying how people shouldn't live on gov handouts and gov housing like yourself. These folks aren't going to permanently live in these conditions, these programs are set up to help progress in their life.",-4
This is why we can't have nice things or move forward. People always be complaining. ||West [ORGANIZATION] residents seeking legal action to stop affordable housing complex.,102,"Youâ€™re talk is very idealistic of this. Sure, it looks great on paper and I bet some do benefit from this, but to pretend that this also doesnâ€™t attract shitty people is a lie. Also, not everyone who qualifies for affordable housing ([ORGANIZATION]) is because they were â€œunlucky.â€ There are shitty ass people who made bad decisions and because of that, now qualify for [ORGANIZATION]. Of course, thatâ€™s isnâ€™t EVERYONE who could use [ORGANIZATION], but letâ€™s not deny that [ORGANIZATION] doesnâ€™t also bring hoodlums. I can see why people wouldnt want that in the neighborhood. My sister lived in [ORGANIZATION] with her kids. [ORGANIZATION] was a drug addict who didnâ€™t work. She got into the [ORGANIZATION], and then brought the same shitty drug-addicted husband to live there. People would sell dope behind the trash can. Iâ€™m aware my experience is anecdotal and not reflective along all [ORGANIZATION] complexes but cmon, It isnâ€™t all roses.",4
This is why we can't have nice things or move forward. People always be complaining. ||West [ORGANIZATION] residents seeking legal action to stop affordable housing complex.,102,"Lmao â€œaffordable housing like this does mot bring crime with itâ€

Just openly lying seems not to be working for yâ€™all anymore time to try a different strategy.",1
This is why we can't have nice things or move forward. People always be complaining. ||West [ORGANIZATION] residents seeking legal action to stop affordable housing complex.,102,"I'm not saying they don't exist, but those issues certainly are not prevalent in [ORGANIZATION] as they are in [ORGANIZATION] or any other city in the [PERSON]. 

It's genuinely insane and ignorant that people think that housing developments like this one attract crime. There is no evidence that affordable housing brings crime to a neighborhood.

People with obtuse thinking and secluded perspectives like yourself think that developments like this one bring crime, drugs, or violence as if a cartel was moving into the neighborhood when in reality it's folks that are genuinely trying to make it day by day. I'd really evaluate and dig in really deep into the statistics and facts about these types of developments before making any unfounded generalizations like the one you just made.

Trust me, i've lived in GPE2 and [PERSON] most of my life",2
This is why we can't have nice things or move forward. People always be complaining. ||West [ORGANIZATION] residents seeking legal action to stop affordable housing complex.,102,"There are academic papers that show that affordable housing doesn't bring crime to a neighborhood, including [ORGANIZATION]. Trust me, I've lived and grew up in section 8 housing in [ORGANIZATION] and [ORGANIZATION], I would know.",-2
This is why we can't have nice things or move forward. People always be complaining. ||West [ORGANIZATION] residents seeking legal action to stop affordable housing complex.,102,"While poverty is one of the best indicators for crime, 100 units does not a low income area make.
There is also no data to suggest that affordable housing is the cause for increasing crime in low income areas.

[URL]

[URL]

[URL]

[URL]

So like, I don't know where you're getting your ""truths"" you're talking about but I'm down to be proven wrong.",1
"It's annoying how much ""transplant"" hate people have here",31,"Most of the hate yâ€™all receive on here is due to the fact that the culture on this subreddit is not really [ORGANIZATION]an. Most of there people, at least the most outspoken members of this subreddit come from well off, out of town background with no roots to the border. And then yâ€™all try to speak for us. Which is what bothers people. Specially when people come here and ask about the city or issues from the area. Â Â 

[PERSON] would, Spanish. [PERSON] will tell you, you donâ€™t need Spanish in this city. And this subreddit has been dragged for yâ€™all saying that. [PERSON] had people bashing this [STREET] for that. You do need Spanish here. There is a lot of people here who are monolingual, even the local native tribe, their elders only speak Spanish. A lot of our parents here donâ€™t speak English. Â And how many of us went to school with [ORGANIZATION] kids who could barely say a few sentences in English? They still have not learned English. Not to mention the people who cross from [PERSON] to spend money. That is why businesses want you to speak Spanish . Outside of the government hospitals, you rarely can get a job in the medical field if you donâ€™t speak Spanish. Even the Koreans in downtown speak Spanish. But the transplants will say you donâ€™t need to learn it. And you donâ€™t if you plan on having a white collar government job like most of them do and you plan to live in [ORGANIZATION]. But say you are working class, have no degree and can only afford to live in central or lower valley ? Tell me not knowing Spanish wonâ€™t hurt you.Â Â  Â 

There is also a feeling like you guys refuse to understand the culture or that you look down on it as backward. â€œWhy is there so many [ORGANIZATION] loves you signs Â everywhere?â€ Yâ€™all didnâ€™t know most of the population here is super religious? Even [ORGANIZATION] members have huge statues of [ORGANIZATION] and [PERSON] in their homes. â€œomg why is there so many dogs running around?â€ lol wait till you see how things are in GPE2, in regards to [STREET] dogs. â€œWhy do my neighbors have roosters and chickens! [PERSON] is that even allowed!?â€ I donâ€™t think so, but we donâ€™t care. â€œMy neighbor just brought a goat to his backyard, wait are they killing it !â€ Complaints about the â€œmaÃ±ana cultureâ€ (Iâ€™ll do it DATE1) and very slow paced relax feel of the [STREET]. We are a city with a small town mentality. Even a ranch mentality. We do have a â€œthird worldâ€ mindset as well. Which bothers people not from here. Â Â 

What bothers me the most is how transplants and I would say even upper middle class locals outright deny some of the issues this city faces simply because they donâ€™t have to deal with them. I have heard [ORGANIZATION] does not have a homeless issue. Yâ€™all seen PERSON2 ? Or all the homeless encampments in the northeast? People will come and ask about the migrant crisis. And transplants and well off locals will laugh it off , saying there is no migrant crisis. Bros, in the northeast we have a whole ass homeless war because there was so many migrants coming in that they pushed the homeless out of the shelters and they came to the northeast. There was a fight for resources out in the streets. There was also masses of migrants just dropped on low income areas of [LOCATION] and the LOC2. There was gang wars between local gangs and Venezuelan gangs. When the [PERSON] noted this. But you ask People on here about it? It never happened. Of course if you are on [ORGANIZATION] you never saw what was happening in the [PERSON] and [PERSON] parts of town.Â  Â 

Transplants will also deny the crime and gang issue. â€œThere is gangs in [ORGANIZATION] ?â€ Meanwhile cartels are recruiting heavily from youth [STREET] gangs [ORGANIZATION] in [ORGANIZATION]. And people are losing their sons to this. There is women in the [PERSON] and northeast who have been raped, beat, robbed, but some upper middle class ORG3 girl Or wife of a transplant will say these things donâ€™t happen here. There is huge disconnect between the working and poor parts of town and the upper middle class areas where most transplants live.Â Â 

Â Lastly there is a general feeling that we are being â€œcolonizedâ€ once again. Out of town companies are coming in, buying all the houses and then flipping them. They also behind all that ugly suburban sprawl we are seeing in the far east side. We had tight close neighborhoods in this city. With neighborhood grocery stores and other small [LOCATION], Â community areas, churches serving as central pieces of the neighborhood and community. And now that is going away. We are being handed soulless suburbs, created by out of town era who donâ€™t understand the collectivist traditional community oriented [STREET] of living we have here. Or they understand it. They just look at it as backwards.Â 

Look at how they are trying to destroy our historical neighborhoods to put some steel box for sports events or whatever they are trying do? But we are stuck in the past and our old backwards ways because we refuse that right ?Â  So yeah we feel like we are being colonized once again. I know itâ€™s kinda cringe to say that. But that is how it feels like to some of us. Has this not happen to us before ? People from far away showing up and telling our ways are backward, we need to modernize and then using this area to profit from of us? The suburban sprawl is due to out of town developers realizing they can build Homes for cheap here (cheap materials and labor) then inflate the prices, make a lot of money and run away, leaving us with an inflated housing market and soulless suburbs. And who is helping them do that? Well people like you. And you trying to justify it by saying things were not good back where you were at and so you had come here and cause issues in the areas does not make it any better. Mf you think we are not struggling out here too? Not trying to get into the oppression Olympics thing. But I am pretty sure we are [STREET] worse than whoever these transplants are coming from.

â€œÂ . I promise you most of this town's ancestors aren't from here either unless you're pure indigenous.â€

We have been here since before the [PERSON] was even a country. [ORGANIZATION], [PERSON], [PERSON], [PERSON] and other small towns in the area are connected and part of the same region. We descend from the Spaniards who founded these towns and the indigenous people who have always lived here. See what I mean. Now you come a community older than the [PERSON] itself and tell us we are not from here?Â ",-1
"It's annoying how much ""transplant"" hate people have here",31,"[ORGANIZATION] actually welcomes immigrants because they tend to work jobs most ""natives"" won't, and the new Canadian immigrants end up paying into social benefits they won't be able to access for a while. It's a bit exploitative sounding but generally points the country's economics in a [STREET] that shows immigrants are actually vital.

Random point aside, you're 100% on the money that people moving here means the town expands in an economically beneficial [STREET]. The housing thing needs to be fixed. Affordable housing to be more pervasive, [ORGANIZATION] saw a lot of red tape around zoning laws concerning affordable housing. But there's no reason skyrocketing housing prices shouldn't mean some of that can be sent towards solving the inventory problem.",8
Updates from City Rep. [PERSON] â€” [ORGANIZATION],41,"Recently saw the housing under construction when bussing downtown. Was excited to see it near the pretty empty food hall that [ORGANIZATION] is in. Does anyone know why our affordable housing options seem to be projects rather than a percentage of units like in other places? Is that also a [ORGANIZATION] thing?

 Concentrating poverty in areas has proven to beget more poverty. It's a lesson the [ORGANIZATION] experienced the hard [STREET]. I say experienced and not learned because the FAC0 projects just got what amounted to an expensive coat of paint instead of a demolition and dense redevelopment that mixed affordable units with market rate units, focusing walkability and some park space. It's off a bike [STREET], had a bus stop, and is near a ORG1 stop. It would've been a good opportunity for the city to walk the walk with progress.",7
What do you want to see in new construction homes in [ORGANIZATION]?,5,"The city needs quality homes. Pretty much every new build is rushed garbage that has painfully obvious flaws and uses poor quality materials. I realize that kind of goes counter to making affordable housing, but it would be nice to see",1
[ORGANIZATION],10,"No, itâ€™s not the group. 

Affordable Housing (Section 8) GPE0 GPE1


Iâ€™m currently not home, I will post the link once I get back [TIME]. 

Keep following this post.",1
Need to rehome a dog.  [ORGANIZATION],0,"Iâ€™m sorry that youâ€™re going though this, but not liking dogs is not a good excuse. There are so many dogs and puppies suffering here in [ORGANIZATION]. Out dumped the desert or in the shelter (800+ with euthanasias occurring [ORGANIZATION]). I just picked up two starving German Shepard pups from the desert [LOCATION] and have been having a hard time finding a home for them. I just accepted that we are going to keep them and be a 4 dog home. I hope you guys give [ORGANIZATION] a chance. Too many needlessly homeless dogs.",15
Is there any reason I should not move to [ORGANIZATION]?,19,"> [ORGANIZATION] has very affordable housing. I've been researching on the real estate sites and you can buy a very decent starter home in [PERSON] for less than $200k.

Check into property taxes before you make any conclusions about affordable housing. [ORGANIZATION]'s property taxes are relatively high, and property taxes are forever.",2
Is there any reason I should not move to [ORGANIZATION]?,19,"There is no reason to not move to [ORGANIZATION]. Iâ€™m from [PERSON], and live in [ORGANIZATION] now, and I would prefer [ORGANIZATION] to [ORGANIZATION]. Thereâ€™s such a great sense of community there, like you said, the nightlife is excellent, everyone is so nice, lots to do, affordable housing, delicious food (including excellent local spots).",1
Is there any reason I should not move to [ORGANIZATION]?,19,"Yes. Move to [ORGANIZATION]. [PERSON] is not comparable to [ORGANIZATION] in very many [STREET] other than itâ€™s very Hispanic culture (but ep food is better), great weather (esept the wind ðŸ’¨). The cost of living is rapidly on the rise though. Housing and especially affordable housing is very limited. Crime is a fraction of GPE2. Itâ€™s a great [STREET].",1
SNAP applicants: How long did it take for your app/renewal to get processed?,2,"Google ""affordable housing HACEP"" and it should bring up a website that lists low-income apartments. You can search by area or rent amount. I tried posting the link, but this subreddit doesn't allow that.",1
