created_at,user_location,tweet_geo,tweet_country,place_type,is_retweet,keywords_matched,Deidentified_text
2024-12-29T23:24:03.000Z,Somewhere I don't want to be,,,,True,,RT [USER]: Tell me again why [ORGANIZATION] wants [ORGANIZATION]'s name on its [STREET] signs. [URL]
2024-12-29T21:46:44.000Z,"Space Coast, FL USA Earth",,,,True,,RT [USER]: Tell me again why [ORGANIZATION] wants [ORGANIZATION]'s name on its [STREET] signs. [URL]
2024-12-29T21:46:16.000Z,,,,,True,,RT [USER]: Tell me again why [ORGANIZATION] wants [ORGANIZATION]'s name on its [STREET] signs. [URL]
2024-12-29T21:33:09.000Z,"Pennsylvania, USA",,,,False,,Tell me again why [ORGANIZATION] wants [ORGANIZATION]'s name on its [STREET] signs. [URL]
2024-12-27T22:41:03.000Z,United States,,,,True,homeless,"[ORGANIZATION]: [PERSON] old [ORGANIZATION] [USER] did that. In between his [ORGANIZATION]. 

You‚Äôre Welcome Homeless folks! [PERSON]‚Ä¶"
2024-12-27T22:40:57.000Z,United States,,,,False,homeless,"[ORGANIZATION] old [ORGANIZATION] [USER] did that. In between his [ORGANIZATION]. 

You‚Äôre Welcome Homeless folks! [URL]"
2024-12-23T22:50:12.000Z,,,,,False,homeless,"[USER] Oh my ‚ÄúF‚ÄôING‚Äù ‚Äî-, R U kidding me?  What about the HOMELESS AMERICANS that move from [ORGANIZATION] to [ORGANIZATION]?  Really, THIS HAS GOT TO BE A JOKE‚Ä¶. Tell me it isn‚Äôt so [ORGANIZATION] from [ORGANIZATION], tell me it isn‚Äôt so‚Ä¶. UNFRICKENUNBELIEVABLE"
2024-12-13T04:30:06.000Z,Northeast PA,,,,False,homeless,"A [INSTITUTION] in [ORGANIZATION] is back open and just in time for some of the coldest temperatures of [ORGANIZATION].
[URL]"
2024-12-02T04:08:20.000Z,,,,,False,homeless,"[USER] PERSON0 [PERSON] please do not go to [ORGANIZATION], it‚Äôs a waste of taxpayer money. Use that money for homeless veterans please! [URL]"
2024-12-02T04:07:34.000Z,,,,,False,homeless,"[USER] PERSON0 [PERSON] please do not go to [ORGANIZATION], it‚Äôs a waste of taxpayer money. Use that money for homeless veterans please! [PERSON]"
2024-12-02T04:06:39.000Z,,,,,False,homeless,"[USER] PERSON0 [PERSON] please do not go to [ORGANIZATION], it‚Äôs a waste of taxpayer money. Use that money for homeless veterans please! [URL]"
2024-12-02T04:05:51.000Z,,,,,False,homeless,"[USER] PERSON0 [PERSON] please do not go to [ORGANIZATION], it‚Äôs a waste of taxpayer money. Use that money for homeless veterans please!"
2024-12-02T04:05:17.000Z,,,,,False,homeless,"[USER] GPE0 PERSON0 please do not go to [PERSON], it‚Äôs a waste of taxpayer money. Use that money for homeless veterans please!"
2024-11-26T16:04:39.000Z,,,,,False,affordable housing,"[USER] [USER] ‚ÄúWow one town‚Äù

Plenty of affordable housing.  Right down the [STREET]:

[URL]"
2024-11-13T16:13:16.000Z,New Jersey,,,,False,affordable housing,[ORGANIZATION] to [PERSON] gets 3rd tower [ORGANIZATION] affordable housing ‚Ä¢ GPE3 advances [ORGANIZATION]; [ORGANIZATION]  transport in [ORGANIZATION] - #transitfriendlyplanning #NJTOD #Amtrak #affordablehousing #BRT [URL]
2024-11-13T09:19:56.000Z,"Levittown, PA",,,,False,homeless,"[USER] Please do not lose touch with our reality. We are still here. [USER] 
I am still freezing outside homeless  in [ORGANIZATION] pa. I need [PERSON] pa [USER] and upstate NY [USER] please help me.
I miss my kid too. The investigations almost over"
2024-11-05T16:10:08.000Z,,,,,False,homeless,[USER] so people in places like [ORGANIZATION] going hungry and homeless have to watch [ORGANIZATION] parade around with the most spoiled celebrities. Makes sense
2024-10-31T15:19:15.000Z,,,,,False,homeless,"[ORGANIZATION] [USER] [USER] [USER] 
to pay all expenses for me to stay in a hotel until I was approved for an apt. [ORGANIZATION] told him no. He wanted me living homeless on the streets. I have tried to leave the [ORGANIZATION] but [ORGANIZATION] won't let me leave. He's illegally"
2024-10-31T15:08:41.000Z,,,,,False,homeless,"[USER] [USER] [USER] [USER] 
I have begged [ORGANIZATION] many times to help me. She has done nothing to stop [PERSON]. I live in forced poverty. The [ORGANIZATION] illegally controls my bank acct. I was forced to live homeless on the streets from [ORGANIZATION]."
2024-10-29T21:18:04.000Z,,,,,False,homeless,PERSON0 PERSON1 [USER] PERSON2 Why does PERSON3 always look homeless?!
2024-10-29T18:48:33.000Z,Pennsylvania ,,,,False,,"[USER] [USER] [USER] [USER] [USER] [USER] [USER] [USER] 15 min cities.. 
you will own nothing and be happy .. no cars etc 
Local progress supposedly paid for their entire trip abroad .. bringing communism to our neighborhood.. 
wondering owns properties, switch hands, contractors, real estate, grants, [ORGANIZATION]

[URL] [URL] [URL]"
2024-10-29T18:35:27.000Z,,,,,False,homeless,PERSON0 PERSON1 [USER] PERSON2 Stop dressing like a fucking homeless guy you‚Äôre a politician. Present yourself better. Bum. PERSON3
2024-10-29T15:42:52.000Z,,,,,False,"homeless, homelessness","PERSON0 PERSON1 [USER] [ORGANIZATION] who says she will not change anything:
Highest in history, homelessness,
Highest in history, illegal immigration,
Average mortgage $1000 higher
13,000 convicted murderes let in the [ORGANIZATION],
Over 57,000 women sex trafficked,
Highest inflation in [ORGANIZATION], 
Wars in"
2024-10-28T22:50:56.000Z,,,,,False,homeless,"[USER] [USER] PERSON0 [USER] [PERSON] spends $451 billion a year on housing, healthcare, [ORGANIZATION]; education for illegals

[USER] spends hundreds of billions more on wars killing kids

Only $3 billion for homeless vets &amp; $750 for hurricane victims

#[PERSON] YOU

[USER] 

#PERSON3 #PERSON4"
2024-10-28T22:50:47.000Z,,,,,False,homeless,"[USER] [USER] PERSON0 [USER] [PERSON] spends $451 billion a year on housing, healthcare, [ORGANIZATION]; education for illegals

[USER] spends hundreds of billions more on wars killing kids

Only $3 billion for homeless vets &amp; $750 for hurricane victims

#[PERSON] YOU

[USER] 

#PERSON3 #PERSON4"
2024-10-24T20:07:53.000Z,Leicester,,,,True,,"[ORGANIZATION]: PERSON1 created PERSON2, and that didn't work out so hot, did it? PERSON3, POTUS with the [ORGANIZATION], PERSON4 from [ORGANIZATION], crea‚Ä¶"
2024-10-23T23:29:25.000Z,California,,,,True,,"[ORGANIZATION]: PERSON1 created PERSON2, and that didn't work out so hot, did it? PERSON3, POTUS with the [ORGANIZATION], PERSON4 from [ORGANIZATION], crea‚Ä¶"
2024-10-23T23:20:18.000Z,Parts unknown,,,,False,homeless,"[ORGANIZATION] created PERSON1, and that didn't work out so hot, did it? PERSON2, POTUS with the [ORGANIZATION], PERSON3 from [ORGANIZATION], creates tons of 'em (jobs). Why, I work 3 myself, all low-paying, and am still poor and homeless. YOU-- great job, freak! We're all better off when you lose yours. [ORGANIZATION]"
2024-10-23T03:30:10.000Z,Northeast PA,,,,False,"homeless, homelessness","When the [ORGANIZATION] temps hit [ORGANIZATION], a non-profit that helps people experiencing homelessness and food insecurity wants to be ready.
[URL]"
2024-10-17T20:01:22.000Z,"Scranton, PA",,,,False,unhoused,"üìã [ORGANIZATION] is accepting applications for our [ORGANIZATION] (CDBG)

‚ú® Organizations offering support for senior citizens, unhoused individuals, public safety, child care, &amp; more can apply.

üîó For more details visit: [URL] [URL]"
2024-10-12T10:43:30.000Z,"Kentucky, USA",,,,True,,[ORGANIZATION]: A local hotel in [ORGANIZATION] has a bus outside of it with decals and the words: veterans against [ORGANIZATION]. If anyone could suppor‚Ä¶
2024-10-11T15:06:18.000Z,"Scranton, PA",,,,False,"homeless, homelessness","With DATE0 on the horizon, construction is now
underway on the new, permanent location for FAC0, an emergency shelter for men experiencing homelessness, which is operated by [ORGANIZATION] of the Diocese of [ORGANIZATION].

[PERSON]"
2024-10-09T20:32:54.000Z,"Pennsylvania, USA",,,,False,homeless,"[USER] Happening Now! PERSON0 in [ORGANIZATION] low energy, small crowd of worn out dead enders and losers.  Heck even the local homeless camp by the river is pissed this loser showed up.  Have a PERSON1 !"
2024-10-09T18:06:21.000Z,,,,,False,"homeless, homelessness","[USER] [USER] You're claiming [ORGANIZATION] wants more neverending inflation, more wide open borders, more forever wars, and more of the homelessness epidemic. 

You'll understand if I'm skeptical."
2024-10-09T01:39:33.000Z,"Pennsylvania, USA",,,,False,"homeless, homelessness",[ORGANIZATION] in [ORGANIZATION] ‚Ä¶there is a decal bus with a sign that says [PERSON]. I just read a study [ORGANIZATION] about the increase in veteran homelessness due to  [PERSON]!  No one cares about the troops more than President [PERSON].
2024-10-09T01:00:37.000Z,"Pennsylvania, USA",,,,False,homeless,A local hotel in [ORGANIZATION] has a bus outside of it with decals and the words: veterans against [ORGANIZATION]. If anyone could support the troops any more than President [ORGANIZATION]‚Ä¶.I cannot think of one. I just heard a study [ORGANIZATION] that shows a large increase in homeless veterans under [PERSON]!
2024-10-07T09:49:52.000Z,space,,,,True,,"[ORGANIZATION]: It‚Äôs DATE0 again,[ORGANIZATION]'s charity [STREET].

This will be my third DATE1 doing this. I‚Äôve always supported one‚Ä¶"
2024-10-06T16:41:14.000Z,,,,,False,homeless,"[USER] [USER] Deport them ALL [USER] is this what [ORGANIZATION] is paying for?  I think not! Homeless in [ORGANIZATION], [PERSON]‚Ä¶..drug addicted brothers and sisters? Is this what we are paying for?"
2024-10-05T14:50:36.000Z,Tennessee,,,,False,"homeless, homelessness",Homelessness In [LOCATION] - Part 1 ([URL]
2024-10-05T08:32:22.000Z,"Scranton, PA",,,,True,,"[ORGANIZATION]: It‚Äôs DATE0 again,[ORGANIZATION]'s charity [STREET].

This will be my third DATE1 doing this. I‚Äôve always supported one‚Ä¶"
2024-10-04T21:03:36.000Z,"District of Columbia, USA",,,,False,homeless,[USER] PERSON0 is [PERSON] and came to [ORGANIZATION] and homeless to help PERSON2 and the [USER] win the Election. I want all the seat in [ORGANIZATION] to go [ORGANIZATION]. investigate me I used to live [ADDRESS] ny ny [DATE] and I am King. I u to campaihard [USER]
2024-10-04T20:58:56.000Z,"District of Columbia, USA",,,,False,homeless,[USER] My name is [ORGANIZATION] I am homeless in [ORGANIZATION]. I am here tweeting for [PERSON] I need your help. I want pen to go blue [ORGANIZATION] . why they don't have you thought the state. We need you. All my GOD you are a star.  [USER] [USER] [USER] [USER]
2024-10-04T20:49:12.000Z,"District of Columbia, USA",,,,False,homeless,[USER] My name is [ORGANIZATION] and I am king of the [ORGANIZATION]. Can you investigate me. I am homeless in [PERSON] and I tweeting for PERSON1
2024-10-03T07:12:57.000Z,,,,,True,,"[ORGANIZATION]: It‚Äôs DATE0 again,[ORGANIZATION]'s charity [STREET].

This will be my third DATE1 doing this. I‚Äôve always supported one‚Ä¶"
2024-10-02T07:56:14.000Z,,,,,True,,"[ORGANIZATION]: It‚Äôs DATE0 again,[ORGANIZATION]'s charity [STREET].

This will be my third DATE1 doing this. I‚Äôve always supported one‚Ä¶"
2024-10-01T15:38:09.000Z,,,,,True,,RT [USER]: The [ORGANIZATION] do back the slumlords! I can attest to that! Called code office for help ended up in a roach infested hotel where‚Ä¶
2024-10-01T15:17:42.000Z,,,,,True,,"[ORGANIZATION]: It‚Äôs DATE0 again,[ORGANIZATION]'s charity [STREET].

This will be my third DATE1 doing this. I‚Äôve always supported one‚Ä¶"
2024-10-01T14:10:40.000Z,AVAX,,,,True,,"[ORGANIZATION]: It‚Äôs DATE0 again,[ORGANIZATION]'s charity [STREET].

This will be my third DATE1 doing this. I‚Äôve always supported one‚Ä¶"
2024-10-01T14:00:22.000Z,,,,,True,,"[ORGANIZATION]: It‚Äôs DATE0 again,[ORGANIZATION]'s charity [STREET].

This will be my third DATE1 doing this. I‚Äôve always supported one‚Ä¶"
2024-10-01T13:51:29.000Z,United States,,,,True,,"[ORGANIZATION]: It‚Äôs DATE0 again,[ORGANIZATION]'s charity [STREET].

This will be my third DATE1 doing this. I‚Äôve always supported one‚Ä¶"
2024-10-01T13:44:44.000Z,Crypto land,,,,True,,"[ORGANIZATION]: It‚Äôs DATE0 again,[ORGANIZATION]'s charity [STREET].

This will be my third DATE1 doing this. I‚Äôve always supported one‚Ä¶"
2024-10-01T10:12:26.000Z,,,,,True,,"[ORGANIZATION]: It‚Äôs DATE0 again,[ORGANIZATION]'s charity [STREET].

This will be my third DATE1 doing this. I‚Äôve always supported one‚Ä¶"
2024-10-01T09:44:15.000Z,Crypto,,,,True,,"[ORGANIZATION]: It‚Äôs DATE0 again,[ORGANIZATION]'s charity [STREET].

This will be my third DATE1 doing this. I‚Äôve always supported one‚Ä¶"
2024-10-01T09:19:50.000Z,,,,,True,,"[ORGANIZATION]: It‚Äôs DATE0 again,[ORGANIZATION]'s charity [STREET].

This will be my third DATE1 doing this. I‚Äôve always supported one‚Ä¶"
2024-10-01T08:32:02.000Z,"Scranton, PA",,,,False,homeless,"It‚Äôs DATE0 again,[ORGANIZATION]'s charity [STREET].

This will be my third DATE1 doing this. I‚Äôve always supported one local charity but last DATE1 I split between two as we raised so much

The first one was a homeless-specific charity and the second is a family support charity. [URL]"
2024-09-25T14:33:03.000Z,,,,,True,,RT [USER]: The [ORGANIZATION] do back the slumlords! I can attest to that! Called code office for help ended up in a roach infested hotel where‚Ä¶
2024-09-25T14:00:50.000Z,,,,,False,homeless,"The states do back the slumlords! I can attest to that! Called code office for help ended up in a roach infested hotel where they house the homeless! I'll never rely on [PERSON] 

[URL] [URL]"
2024-09-25T02:49:14.000Z,"Moscow, PA",,,,False,beggar,[USER] I‚Äôm from [ORGANIZATION] and most people were disgusted with your visit at taxpayer expense. You‚Äôre a joke and a con artist. [ORGANIZATION] puppet president always saying ‚Äúplease give me more money‚Äù. Disgrace to humanity
2024-09-24T20:03:46.000Z,,,,,False,,"They did this in [PERSON] threw all of their belongings away and bulldozed their encampment down by the river where [ORGANIZATION] goes anyway! 
[URL]"
2024-09-24T16:30:24.000Z,PA,,,,False,beggar,"While [ORGANIZATION]  is having a fun time in [ORGANIZATION] with the international beggar, on the taxpayer dime, we are having trouble just affording gas to get to work......  Great photo op you asshat.  PLEASE fellow Pennsylvanians, [ORGANIZATION] FOR [USER]"
2024-09-23T21:56:34.000Z,,,,,False,homeless,How dose killing innocent people benefit the people of [ORGANIZATION] fixing roads making sure basic services are working making sure the state is functioning effectively making sure people of [ORGANIZATION] are[LOCATION] homeless make sure the people of [ORGANIZATION] have access to all the services [URL]
2024-09-21T22:18:13.000Z,Wilkes-Barre/Scranton PA,,,,False,beggar,[USER] Just what [ORGANIZATION] needs...another beggar.
2024-09-21T00:17:41.000Z,"Oceanside, CA",,,,False,"homeless, homelessness","Homelessness concerns continue in [ORGANIZATION], [PERSON] [URL] via [USER]"
2024-09-18T00:15:26.000Z,"Oceanside, CA",,,,False,"homeless, homelessness","Homelessness In [LOCATION], PA - Part 1 [URL] via [USER]"
2024-09-17T13:15:00.000Z,"Harrisburg, PA",,,,False,affordable housing,"[ORGANIZATION] will become home to innovative, green affordable housing developments
[PERSON]"
2024-09-14T11:42:22.000Z,"Florida, USA",,,,True,homeless,[ORGANIZATION]: ‚Ä¶I was just in [ORGANIZATION] and we saw homeless vets sleeping on the streets. The sheriff called the pastor at the church‚Ä¶
2024-09-13T17:05:44.000Z,"Newport Beach, CA",,,,True,homeless,[ORGANIZATION]: ‚Ä¶I was just in [ORGANIZATION] and we saw homeless vets sleeping on the streets. The sheriff called the pastor at the church‚Ä¶
2024-09-13T12:07:05.000Z,"Pennsylvania, USA",,,,True,homeless,[ORGANIZATION]: ‚Ä¶I was just in [ORGANIZATION] and we saw homeless vets sleeping on the streets. The sheriff called the pastor at the church‚Ä¶
2024-09-13T03:04:53.000Z,"Adairville, KY",,,,True,homeless,[ORGANIZATION]: ‚Ä¶I was just in [ORGANIZATION] and we saw homeless vets sleeping on the streets. The sheriff called the pastor at the church‚Ä¶
2024-09-13T01:33:15.000Z,"Parkersburg, WV",,,,True,homeless,[ORGANIZATION]: ‚Ä¶I was just in [ORGANIZATION] and we saw homeless vets sleeping on the streets. The sheriff called the pastor at the church‚Ä¶
2024-09-12T23:38:04.000Z, USA,,,,True,homeless,[ORGANIZATION]: ‚Ä¶I was just in [ORGANIZATION] and we saw homeless vets sleeping on the streets. The sheriff called the pastor at the church‚Ä¶
2024-09-12T13:51:20.000Z,Atlantic Beach ,,,,True,homeless,[ORGANIZATION]: ‚Ä¶I was just in [ORGANIZATION] and we saw homeless vets sleeping on the streets. The sheriff called the pastor at the church‚Ä¶
2024-09-12T13:46:41.000Z,"Blue Mountain Beach, Florida ",,,,True,homeless,[ORGANIZATION]: ‚Ä¶I was just in [ORGANIZATION] and we saw homeless vets sleeping on the streets. The sheriff called the pastor at the church‚Ä¶
2024-09-12T13:39:05.000Z,,,,,True,homeless,[ORGANIZATION]: ‚Ä¶I was just in [ORGANIZATION] and we saw homeless vets sleeping on the streets. The sheriff called the pastor at the church‚Ä¶
2024-09-12T13:37:59.000Z,,,,,True,homeless,[ORGANIZATION]: ‚Ä¶I was just in [ORGANIZATION] and we saw homeless vets sleeping on the streets. The sheriff called the pastor at the church‚Ä¶
2024-09-12T12:41:44.000Z,,,,,True,homeless,[ORGANIZATION]: ‚Ä¶I was just in [ORGANIZATION] and we saw homeless vets sleeping on the streets. The sheriff called the pastor at the church‚Ä¶
2024-09-12T12:35:08.000Z,"New Cumberland, WV",,,,True,homeless,[ORGANIZATION]: ‚Ä¶I was just in [ORGANIZATION] and we saw homeless vets sleeping on the streets. The sheriff called the pastor at the church‚Ä¶
2024-09-12T12:30:28.000Z,,,,,True,homeless,[ORGANIZATION]: ‚Ä¶I was just in [ORGANIZATION] and we saw homeless vets sleeping on the streets. The sheriff called the pastor at the church‚Ä¶
2024-09-12T12:16:55.000Z,"Virginia Beach, VA",,,,False,homeless,‚Ä¶I was just in [ORGANIZATION] and we saw homeless vets sleeping on the streets. The sheriff called the pastor at the church where I was Can you help? My friend did. When a nation‚Äôs citizens are denied care to foist political power through mass immigration then we need better policy.
2024-09-10T15:49:48.000Z,"Pennsylvania, USA",,,,True,,"RT [USER]: BIG NEWS: A coalition of around 20 local companies, farms, [ORGANIZATION]; housing advocates receives a $23 million dolla‚Ä¶"
2024-09-10T15:47:52.000Z,Pennsylvania,,,,False,affordable housing,"BIG NEWS: A coalition of around 20 local companies, farms, [ORGANIZATION]; housing advocates receives a $23 million dollar federal grant to build innovative, affordable housing in [ORGANIZATION], [PERSON].

#ActOnClimate 

[URL]"
2024-09-10T11:27:44.000Z,United States,,,,False,homeless,"PERSON0 Instead of peacocking on social media for your next job, how about you concentrate  on the gaggles of homeless people in [ORGANIZATION]?"
2024-09-06T10:40:28.000Z,"Harrisburg, Pa",,,,False,affordable housing,"[ORGANIZATION]: Green, [ORGANIZATION] To Bring Old Lots New Life¬† [URL]"
2024-09-03T20:33:03.000Z,Everywhere ,,,,False,homeless,[USER] Poor [ORGANIZATION] has been an awful filthy town since [ORGANIZATION] so all the sudden you‚Äôre gonna raise it from the homeless death that it is?  No you‚Äôre talking gibberish
2024-08-23T04:43:02.000Z,SPREADING LOVE!!!!,"Scranton, PA",United States,city,False,homeless,"[USER] I got 3 new medical problems after being forced to get 2 covid [ORGANIZATION]; 2 boosters. I literally ended up homeless during a pandemic! My [PERSON] no longer works. Caused weight gain, now I'm on medication for diabetes. Severe Eczema DATE0 now."
2024-08-22T18:58:42.000Z,,,,,False,homeless,[USER] Isn't [ORGANIZATION] homeless?  Have fun finding him PERSON1!! Once the [ORGANIZATION] lawsuit is dismissed and [ORGANIZATION] wins her lawsuit you will be laying on the kitchen floor pissing yourself trying to text the [ORGANIZATION] girl in between slugs of liquor!!!
2024-08-10T08:19:11.000Z,,,,,False,homeless,"[USER] [USER] [USER] Theres 200,000 [ORGANIZATION] homeless.  

There are 70,000 people in [PERSON].  

You want [ORGANIZATION] to build the equivalent of three GPE1s sprinkled among existing [ORGANIZATION] towns, cities and neighborhoods. 

I don't think you completely understand what an enormous task that is."
2024-08-01T22:53:13.000Z,"Greenville, NC",,,,False,homeless,[USER] [USER] Thanks for the follow. I have family in [ORGANIZATION] and [PERSON]. My wife‚Äôs cousin is a Pastor at [ORGANIZATION] and my brother in law is a pastor in [PERSON]. He also runs the homeless mission there. If you are looking for a church feel free to reach out.
2024-07-27T10:17:14.000Z,,,,,False,homeless,"[USER] Pay attention to this, it‚Äôs happening [ORGANIZATION], [PERSON], [ORGANIZATION]-all [ORGANIZATION]-all of a sudden hundreds of homeless being ‚Äúprocessed‚Äù. They are being registered to vote and probably cast a ballot, they are not all illegals.  Look at GPE3 near PERSON0 hometown of [PERSON]."
2024-07-26T19:50:37.000Z,,"Scranton, PA",United States,city,False,homeless,[USER] I don't really follow this s*** too much but I saw this headline [ORGANIZATION] homeless people so where are they supposed to go? what are they supposed to live? Does this guy have any idea how dumb he sounds now is he going to provide homes in a roof over these homeless?
2024-07-25T04:09:51.000Z,,,,,True,homeless,"[ORGANIZATION]: Are you kidding me?  This is a PERSON1 issue?

What about homeless?  What about inflation?  What about crime in [ORGANIZATION] and‚Ä¶"
2024-07-24T22:07:58.000Z,,,,,False,homeless,"Are you kidding me?  This is a [ORGANIZATION] issue?

What about homeless?  What about inflation?  What about crime in [ORGANIZATION] and [PERSON] and GPE2?

Seriously?  [ORGANIZATION] and tampons? [URL]"
